dateOut,dueDate
2021-01-18 11:22:55,2021-05-18 18:00:00
2021-04-27 17:47:06,2021-06-27 18:00:00
2021-05-05 08:07:14,2021-09-05 18:00:00
2021-04-24 08:54:32,2021-08-24 18:00:00
2021-05-17 15:54:43,2021-07-17 18:00:00
2021-01-10 14:06:33,2021-05-10 18:00:00
2021-02-13 09:32:01,2021-05-13 18:00:00
2021-05-04 15:00:33,2021-09-04 18:00:00
2021-03-26 14:06:31,2021-04-26 18:00:00
2021-03-22 10:52:32,2021-04-22 18:00:00
2021-05-07 17:47:28,2021-08-07 18:00:00
2021-04-05 15:35:25,2021-05-05 18:00:00
2021-05-02 08:52:02,2021-06-02 18:00:00
2021-02-26 11:06:04,2021-06-26 18:00:00
2021-03-11 10:47:33,2021-07-11 18:00:00
2021-03-08 16:48:23,2021-06-08 18:00:00
2021-05-12 14:30:10,2021-08-12 18:00:00
2021-01-07 15:09:27,2021-05-07 18:00:00
2021-01-10 09:29:32,2021-04-10 18:00:00
2021-04-16 15:37:32,2021-08-16 18:00:00
2021-01-19 10:58:34,2021-04-19 18:00:00
2021-02-23 10:14:49,2021-05-23 18:00:00
2021-05-18 08:36:20,2021-08-18 18:00:00
2021-02-25 09:51:31,2021-06-25 18:00:00
2021-04-05 12:12:17,2021-06-05 18:00:00
2021-03-21 10:40:19,2021-05-21 18:00:00
2021-02-28 16:39:01,2021-06-28 18:00:00
2021-02-03 14:52:57,2021-06-03 18:00:00
2021-03-02 09:25:38,2021-04-02 18:00:00
2021-03-17 12:03:51,2021-04-17 18:00:00
2021-01-02 12:04:22,2021-05-02 18:00:00
2021-02-23 13:28:12,2021-04-23 18:00:00
2021-05-03 10:03:12,2021-08-03 18:00:00
2021-05-05 15:30:16,2021-08-05 18:00:00
2021-05-02 16:39:14,2021-09-02 18:00:00
2021-04-15 12:39:18,2021-07-15 18:00:00
2021-02-23 17:24:51,2021-05-23 18:00:00
2021-03-21 09:21:28,2021-06-21 18:00:00
2021-01-06 15:32:28,2021-04-06 18:00:00
2021-02-07 12:21:09,2021-03-07 18:00:00
2021-04-25 08:47:29,2021-08-25 18:00:00
2021-01-17 13:42:19,2021-02-17 18:00:00
2021-01-07 12:59:51,2021-02-07 18:00:00
2021-04-25 14:39:03,2021-06-25 18:00:00
2021-03-20 11:02:45,2021-05-20 18:00:00
2021-03-13 13:06:54,2021-04-13 18:00:00
2021-02-27 10:56:18,2021-05-27 18:00:00
2021-01-08 14:28:33,2021-05-08 18:00:00
2021-02-01 17:28:38,2021-06-01 18:00:00
2021-01-19 12:41:09,2021-03-19 18:00:00
2021-02-11 11:51:43,2021-05-11 18:00:00
2021-05-06 13:24:53,2021-07-06 18:00:00
2021-03-13 13:14:57,2021-04-13 18:00:00
2021-04-16 17:02:19,2021-07-16 18:00:00
2021-02-10 14:50:40,2021-04-10 18:00:00
2021-04-04 11:29:22,2021-05-04 18:00:00
2021-02-01 09:51:04,2021-05-01 18:00:00
2021-02-16 10:51:10,2021-06-16 18:00:00
2021-02-20 16:39:24,2021-05-20 18:00:00
2021-03-02 15:03:16,2021-06-02 18:00:00
2021-05-03 09:01:16,2021-09-03 18:00:00
2021-03-15 10:32:09,2021-06-15 18:00:00
2021-03-11 12:26:18,2021-06-11 18:00:00
2021-05-18 16:47:00,2021-08-18 18:00:00
2021-02-19 15:12:26,2021-05-19 18:00:00
2021-01-22 15:18:34,2021-02-22 18:00:00
2021-02-03 17:46:48,2021-05-03 18:00:00
2021-01-08 10:10:54,2021-03-08 18:00:00
2021-02-02 12:52:48,2021-06-02 18:00:00
2021-01-16 09:58:08,2021-02-16 18:00:00
2021-05-06 13:19:06,2021-07-06 18:00:00
2021-03-05 11:46:44,2021-06-05 18:00:00
2021-04-28 15:10:44,2021-08-28 18:00:00
2021-03-09 09:53:15,2021-04-09 18:00:00
2021-05-11 11:22:58,2021-09-11 18:00:00
2021-02-14 12:08:48,2021-04-14 18:00:00
2021-04-16 10:52:28,2021-08-16 18:00:00
2021-01-07 14:42:27,2021-04-07 18:00:00
2021-03-08 10:47:53,2021-05-08 18:00:00
2021-01-19 15:15:38,2021-04-19 18:00:00
2021-05-24 17:59:36,2021-09-24 18:00:00
2021-01-10 11:48:05,2021-04-10 18:00:00
2021-02-24 13:40:15,2021-06-24 18:00:00
2021-02-16 13:12:48,2021-03-16 18:00:00
2021-04-20 09:57:46,2021-05-20 18:00:00
2021-02-04 17:22:20,2021-05-04 18:00:00
2021-03-21 08:00:42,2021-06-21 18:00:00
2021-02-26 12:12:60,2021-04-26 18:00:00
2021-03-19 10:52:55,2021-05-19 18:00:00
2021-01-25 13:40:43,2021-04-25 18:00:00
2021-05-16 17:27:08,2021-09-16 18:00:00
2021-04-13 11:23:43,2021-05-13 18:00:00
2021-03-23 17:34:43,2021-05-23 18:00:00
2021-02-12 15:05:43,2021-04-12 18:00:00
2021-01-28 09:37:36,2021-04-28 18:00:00
2021-03-20 16:39:15,2021-05-20 18:00:00
2021-03-26 11:41:22,2021-05-26 18:00:00
2021-01-02 11:40:56,2021-03-02 18:00:00
2021-02-12 12:52:24,2021-03-12 18:00:00
2021-01-21 16:41:53,2021-02-21 18:00:00
2021-03-28 16:10:02,2021-04-28 18:00:00
2021-04-15 14:41:40,2021-08-15 18:00:00
2021-04-12 17:59:13,2021-05-12 18:00:00
2021-04-04 13:11:04,2021-08-04 18:00:00
2021-02-23 17:49:58,2021-06-23 18:00:00
2021-01-25 15:12:24,2021-03-25 18:00:00
2021-05-17 17:57:34,2021-08-17 18:00:00
2021-01-17 11:08:37,2021-03-17 18:00:00
2021-04-02 14:48:21,2021-07-02 18:00:00
2021-04-23 15:14:06,2021-07-23 18:00:00
2021-05-05 09:33:36,2021-07-05 18:00:00
2021-03-15 16:05:04,2021-05-15 18:00:00
2021-02-16 13:05:15,2021-03-16 18:00:00
2021-04-14 09:13:11,2021-07-14 18:00:00
2021-01-03 17:11:44,2021-04-03 18:00:00
2021-01-16 08:16:18,2021-05-16 18:00:00
2021-03-22 08:26:42,2021-05-22 18:00:00
2021-04-19 10:28:39,2021-08-19 18:00:00
2021-04-06 13:15:08,2021-08-06 18:00:00
2021-03-08 16:41:15,2021-07-08 18:00:00
2021-05-19 13:20:00,2021-06-19 18:00:00
2021-03-13 15:02:18,2021-05-13 18:00:00
2021-03-20 08:17:14,2021-06-20 18:00:00
2021-03-24 16:11:09,2021-04-24 18:00:00
2021-02-19 10:57:51,2021-03-19 18:00:00
2021-02-24 11:42:37,2021-04-24 18:00:00
2021-03-07 12:15:35,2021-04-07 18:00:00
2021-01-28 17:58:12,2021-02-28 18:00:00
2021-03-06 15:27:34,2021-07-06 18:00:00
2021-03-25 17:32:22,2021-06-25 18:00:00
2021-03-11 13:48:46,2021-04-11 18:00:00
2021-05-09 15:49:03,2021-07-09 18:00:00
2021-05-26 15:48:03,2021-09-26 18:00:00
2021-05-05 15:24:60,2021-06-05 18:00:00
2021-05-07 12:03:35,2021-07-07 18:00:00
2021-01-27 08:23:45,2021-04-27 18:00:00
2021-01-15 10:36:57,2021-03-15 18:00:00
2021-05-13 10:38:02,2021-06-13 18:00:00
2021-05-10 11:14:51,2021-09-10 18:00:00
2021-05-10 15:12:60,2021-08-10 18:00:00
2021-04-22 10:52:15,2021-05-22 18:00:00
2021-03-24 12:50:18,2021-06-24 18:00:00
2021-03-18 11:35:48,2021-04-18 18:00:00
2021-02-20 16:16:21,2021-06-20 18:00:00
2021-05-05 10:33:44,2021-07-05 18:00:00
2021-01-24 10:57:43,2021-03-24 18:00:00
2021-05-17 13:03:49,2021-07-17 18:00:00
2021-02-03 13:22:52,2021-03-03 18:00:00
2021-01-16 15:57:55,2021-04-16 18:00:00
2021-05-08 16:46:52,2021-08-08 18:00:00
2021-03-23 08:41:10,2021-04-23 18:00:00
2021-05-17 15:19:33,2021-09-17 18:00:00
2021-05-07 12:19:02,2021-08-07 18:00:00
2021-03-16 11:48:49,2021-04-16 18:00:00
2021-04-24 10:28:48,2021-08-24 18:00:00
2021-04-05 08:30:44,2021-07-05 18:00:00
2021-03-22 09:53:01,2021-07-22 18:00:00
2021-03-22 14:49:10,2021-07-22 18:00:00
2021-03-23 14:13:25,2021-06-23 18:00:00
2021-02-28 08:13:27,2021-03-28 18:00:00
2021-02-21 12:51:10,2021-04-21 18:00:00
2021-01-15 15:40:37,2021-04-15 18:00:00
2021-04-19 16:49:06,2021-05-19 18:00:00
2021-03-28 15:24:56,2021-07-28 18:00:00
2021-02-23 10:26:56,2021-05-23 18:00:00
2021-05-14 09:46:00,2021-08-14 18:00:00
2021-01-02 13:48:59,2021-04-02 18:00:00
2021-05-05 10:17:39,2021-08-05 18:00:00
2021-03-10 08:05:51,2021-04-10 18:00:00
2020-01-14 17:19:20,2020-02-14 18:00:00
2021-03-14 09:21:17,2021-04-14 18:00:00
2021-04-12 11:29:20,2021-05-12 18:00:00
2021-03-13 08:14:56,2021-05-13 18:00:00
2021-03-04 16:24:45,2021-07-04 18:00:00
2021-02-04 10:32:01,2021-03-04 18:00:00
2021-04-16 17:31:32,2021-07-16 18:00:00
2021-01-11 09:02:59,2021-04-11 18:00:00
2021-04-25 15:55:00,2021-07-25 18:00:00
2021-04-02 09:29:41,2021-06-02 18:00:00
2021-03-21 10:33:55,2021-04-21 18:00:00
2021-02-01 08:24:54,2021-05-01 18:00:00
2021-01-18 15:34:45,2021-02-18 18:00:00
2021-01-25 08:39:12,2021-04-25 18:00:00
2021-05-26 09:46:28,2021-09-26 18:00:00
2021-02-22 13:11:35,2021-06-22 18:00:00
2021-02-08 11:41:23,2021-04-08 18:00:00
2021-05-02 12:31:01,2021-09-02 18:00:00
2021-03-26 08:29:23,2021-04-26 18:00:00
2021-05-05 12:49:26,2021-08-05 18:00:00
2021-01-20 08:49:06,2021-05-20 18:00:00
2021-02-06 15:50:23,2021-05-06 18:00:00
2021-04-06 17:41:30,2021-06-06 18:00:00
2021-03-08 13:47:00,2021-05-08 18:00:00
2021-03-15 11:17:52,2021-04-15 18:00:00
2021-03-01 15:54:46,2021-07-01 18:00:00
2021-01-10 14:17:25,2021-04-10 18:00:00
2021-02-26 17:01:12,2021-04-26 18:00:00
2021-01-21 12:03:57,2021-04-21 18:00:00
2021-05-21 12:21:10,2021-06-21 18:00:00
2021-03-11 12:41:44,2021-05-11 18:00:00
2021-02-22 11:53:51,2021-04-22 18:00:00
2021-05-14 11:45:11,2021-07-14 18:00:00
2021-02-13 12:24:56,2021-03-13 18:00:00
2021-02-28 08:16:52,2021-04-28 18:00:00
2021-01-16 14:21:19,2021-03-16 18:00:00
2021-02-01 15:21:51,2021-04-01 18:00:00
2021-05-11 11:45:25,2021-07-11 18:00:00
2021-03-24 10:11:06,2021-07-24 18:00:00
2021-03-01 09:43:60,2021-07-01 18:00:00
2021-02-19 08:37:27,2021-03-19 18:00:00
2021-05-16 12:39:47,2021-06-16 18:00:00
2021-03-03 09:15:51,2021-07-03 18:00:00
2021-05-20 17:30:15,2021-07-20 18:00:00
2021-03-22 14:13:40,2021-05-22 18:00:00
2021-01-15 11:14:53,2021-05-15 18:00:00
2021-05-09 12:42:35,2021-07-09 18:00:00
2021-02-12 12:13:53,2021-06-12 18:00:00
2021-03-12 14:47:30,2021-05-12 18:00:00
2021-01-03 11:45:33,2021-05-03 18:00:00
2021-04-07 15:59:51,2021-07-07 18:00:00
2021-04-14 11:58:32,2021-08-14 18:00:00
2021-05-05 11:27:14,2021-07-05 18:00:00
2021-05-16 16:20:26,2021-06-16 18:00:00
2021-05-08 08:40:51,2021-08-08 18:00:00
2021-05-13 12:37:52,2021-06-13 18:00:00
2021-03-07 10:60:57,2021-05-07 18:00:00
2021-02-25 17:18:60,2021-04-25 18:00:00
2021-02-23 13:30:53,2021-04-23 18:00:00
2021-05-13 12:51:57,2021-08-13 18:00:00
2021-01-13 17:26:59,2021-02-13 18:00:00
2021-04-12 16:22:57,2021-05-12 18:00:00
2021-05-24 15:11:02,2021-06-24 18:00:00
2021-04-14 16:23:01,2021-06-14 18:00:00
2021-05-20 11:14:27,2021-09-20 18:00:00
2021-01-13 14:03:35,2021-02-13 18:00:00
2021-01-10 11:41:37,2021-02-10 18:00:00
2021-01-05 15:04:20,2021-02-05 18:00:00
2021-04-01 12:06:27,2021-07-01 18:00:00
2021-01-05 17:55:26,2021-05-05 18:00:00
2021-05-20 15:47:06,2021-07-20 18:00:00
2021-04-24 15:02:12,2021-05-24 18:00:00
2021-04-16 17:15:40,2021-06-16 18:00:00
2021-02-24 10:20:42,2021-03-24 18:00:00
2021-02-04 15:27:03,2021-03-04 18:00:00
2021-04-12 13:00:05,2021-08-12 18:00:00
2021-03-14 11:16:19,2021-06-14 18:00:00
2021-03-21 08:57:10,2021-04-21 18:00:00
2021-04-17 13:55:44,2021-06-17 18:00:00
2021-01-25 08:27:52,2021-02-25 18:00:00
2021-05-11 10:01:12,2021-06-11 18:00:00
2021-03-26 13:55:52,2021-05-26 18:00:00
2021-04-19 09:22:47,2021-06-19 18:00:00
2021-05-25 11:45:51,2021-06-25 18:00:00
2021-01-18 11:51:08,2021-04-18 18:00:00
2021-05-17 08:47:57,2021-08-17 18:00:00
2021-03-07 11:15:07,2021-04-07 18:00:00
2021-02-28 11:55:60,2021-04-28 18:00:00
2021-02-04 13:50:40,2021-03-04 18:00:00
2021-02-18 15:25:02,2021-03-18 18:00:00
2021-05-07 11:39:17,2021-07-07 18:00:00
2021-04-13 12:01:05,2021-05-13 18:00:00
2021-02-22 17:16:06,2021-03-22 18:00:00
2021-02-22 09:55:25,2021-05-22 18:00:00
2021-04-05 14:22:60,2021-07-05 18:00:00
2021-05-08 10:48:27,2021-07-08 18:00:00
2021-01-13 11:32:18,2021-05-13 18:00:00
2021-05-09 09:24:36,2021-09-09 18:00:00
2021-05-02 16:37:46,2021-07-02 18:00:00
2021-03-22 17:17:40,2021-06-22 18:00:00
2021-02-18 12:12:44,2021-05-18 18:00:00
2021-01-15 14:53:41,2021-03-15 18:00:00
2021-01-06 12:38:21,2021-02-06 18:00:00
2020-01-22 14:44:13,2020-03-22 18:00:00
2021-04-18 14:53:00,2021-05-18 18:00:00
2021-03-07 10:56:25,2021-04-07 18:00:00
2021-03-23 09:17:16,2021-05-23 18:00:00
2021-02-14 17:19:20,2021-04-14 18:00:00
2021-04-19 14:07:49,2021-08-19 18:00:00
2021-02-18 11:34:02,2021-06-18 18:00:00
2021-04-07 17:39:15,2021-05-07 18:00:00
2021-03-16 16:46:21,2021-06-16 18:00:00
2021-02-08 13:01:44,2021-04-08 18:00:00
2021-03-13 12:14:06,2021-05-13 18:00:00
2021-01-11 13:37:15,2021-02-11 18:00:00
2021-04-04 11:23:60,2021-08-04 18:00:00
2021-01-07 08:32:20,2021-02-07 18:00:00
2021-05-28 08:58:49,2021-06-28 18:00:00
2021-05-03 12:05:31,2021-08-03 18:00:00
2021-03-20 10:38:01,2021-07-20 18:00:00
2021-04-16 12:46:21,2021-05-16 18:00:00
2021-02-19 17:40:27,2021-05-19 18:00:00
2021-05-22 14:34:48,2021-08-22 18:00:00
2021-02-02 14:10:00,2021-04-02 18:00:00
2021-03-26 17:54:19,2021-06-26 18:00:00
2021-01-06 12:22:45,2021-03-06 18:00:00
2021-05-13 08:12:50,2021-08-13 18:00:00
2021-02-08 11:14:36,2021-05-08 18:00:00
2021-04-05 14:53:54,2021-07-05 18:00:00
2021-02-08 14:05:40,2021-06-08 18:00:00
2021-02-09 08:57:07,2021-03-09 18:00:00
2021-02-22 11:33:55,2021-03-22 18:00:00
2021-02-14 16:29:22,2021-05-14 18:00:00
2021-03-05 15:56:08,2021-06-05 18:00:00
2021-03-24 09:60:06,2021-05-24 18:00:00
2021-04-26 09:06:40,2021-08-26 18:00:00
2021-05-18 11:57:15,2021-06-18 18:00:00
2021-04-13 12:34:42,2021-07-13 18:00:00
2021-03-03 15:46:10,2021-04-03 18:00:00
2021-02-01 16:15:32,2021-06-01 18:00:00
2021-05-26 11:44:49,2021-08-26 18:00:00
2021-01-24 12:31:00,2021-03-24 18:00:00
2021-01-17 08:01:48,2021-04-17 18:00:00
2021-02-26 13:13:34,2021-04-26 18:00:00
2021-01-17 11:09:08,2021-02-17 18:00:00
2021-01-14 10:39:02,2021-05-14 18:00:00
2021-04-22 14:38:18,2021-07-22 18:00:00
2021-03-01 10:50:59,2021-06-01 18:00:00
2021-03-05 16:47:34,2021-06-05 18:00:00
2021-03-24 11:41:43,2021-06-24 18:00:00
2021-03-11 12:32:33,2021-07-11 18:00:00
2021-02-27 17:34:56,2021-04-27 18:00:00
2021-05-27 10:10:45,2021-08-27 18:00:00
2021-05-08 14:57:41,2021-06-08 18:00:00
2021-03-21 11:13:23,2021-04-21 18:00:00
2021-03-28 15:21:23,2021-05-28 18:00:00
2021-02-03 08:26:53,2021-03-03 18:00:00
2021-04-13 12:59:52,2021-07-13 18:00:00
2021-02-20 08:45:29,2021-06-20 18:00:00
2021-04-12 11:22:53,2021-05-12 18:00:00
2021-04-04 12:06:16,2021-07-04 18:00:00
2021-02-03 08:43:59,2021-03-03 18:00:00
2021-05-17 11:00:00,2021-07-17 18:00:00
2021-05-23 08:09:05,2021-06-23 18:00:00
2021-05-22 17:34:00,2021-09-22 18:00:00
2021-02-01 12:02:33,2021-03-01 18:00:00
2021-04-16 17:09:52,2021-07-16 18:00:00
2021-02-08 17:36:25,2021-05-08 18:00:00
2021-02-04 11:03:37,2021-05-04 18:00:00
2021-02-22 15:31:51,2021-03-22 18:00:00
2021-03-28 10:52:20,2021-04-28 18:00:00
2021-01-12 14:10:45,2021-02-12 18:00:00
2021-01-16 15:41:08,2021-04-16 18:00:00
2021-04-06 09:11:13,2021-05-06 18:00:00
2021-02-11 08:01:02,2021-05-11 18:00:00
2021-02-03 09:40:54,2021-04-03 18:00:00
2021-01-20 17:52:31,2021-02-20 18:00:00
2021-05-28 15:14:23,2021-07-28 18:00:00
2021-04-02 09:52:60,2021-05-02 18:00:00
2021-01-03 12:47:41,2021-03-03 18:00:00
2021-05-06 14:13:19,2021-08-06 18:00:00
2021-05-15 08:16:38,2021-08-15 18:00:00
2021-01-11 09:00:58,2021-03-11 18:00:00
2021-05-11 09:60:20,2021-09-11 18:00:00
2021-03-26 09:54:03,2021-06-26 18:00:00
2021-02-04 14:04:50,2021-05-04 18:00:00
2021-01-27 14:51:56,2021-03-27 18:00:00
2021-01-04 13:16:15,2021-04-04 18:00:00
2021-01-17 16:00:03,2021-02-17 18:00:00
2021-03-15 11:14:39,2021-05-15 18:00:00
2021-01-06 10:04:29,2021-05-06 18:00:00
2021-04-07 13:57:34,2021-06-07 18:00:00
2021-02-10 15:09:33,2021-06-10 18:00:00
2021-02-10 15:19:36,2021-05-10 18:00:00
2021-05-12 14:19:12,2021-07-12 18:00:00
2021-04-19 16:21:08,2021-08-19 18:00:00
2021-02-21 12:36:57,2021-04-21 18:00:00
2021-02-09 09:36:04,2021-06-09 18:00:00
2021-04-21 11:04:25,2021-08-21 18:00:00
2021-02-16 10:31:02,2021-05-16 18:00:00
2021-04-27 17:00:55,2021-07-27 18:00:00
2020-03-15 08:53:35,2020-04-15 18:00:00
2021-04-03 09:40:12,2021-05-03 18:00:00
2021-02-11 17:12:49,2021-04-11 18:00:00
2021-01-23 09:28:26,2021-03-23 18:00:00
2021-04-25 14:42:38,2021-08-25 18:00:00
2021-03-08 12:23:57,2021-05-08 18:00:00
2021-03-22 14:33:48,2021-04-22 18:00:00
2021-01-26 10:13:05,2021-02-26 18:00:00
2021-05-20 09:00:13,2021-07-20 18:00:00
2021-03-10 16:05:27,2021-05-10 18:00:00
2021-03-08 17:08:38,2021-07-08 18:00:00
2021-05-11 14:44:40,2021-09-11 18:00:00
2021-01-18 09:23:38,2021-04-18 18:00:00
2021-05-08 12:37:57,2021-06-08 18:00:00
2021-01-20 10:30:08,2021-04-20 18:00:00
2021-02-26 16:13:20,2021-05-26 18:00:00
2021-01-19 13:40:49,2021-05-19 18:00:00
2021-04-11 12:20:19,2021-05-11 18:00:00
2021-04-18 16:41:22,2021-06-18 18:00:00
2021-05-25 14:08:55,2021-09-25 18:00:00
2021-05-21 12:52:15,2021-07-21 18:00:00
2021-01-16 13:28:18,2021-05-16 18:00:00
2021-02-22 13:54:57,2021-04-22 18:00:00
2021-03-17 11:42:17,2021-07-17 18:00:00
2021-05-07 08:20:06,2021-09-07 18:00:00
2021-01-14 13:28:20,2021-03-14 18:00:00
2021-01-04 09:52:58,2021-03-04 18:00:00
2021-04-19 08:09:03,2021-06-19 18:00:00
2021-05-17 14:16:14,2021-09-17 18:00:00
2021-01-20 14:00:13,2021-02-20 18:00:00
2021-05-05 09:05:26,2021-07-05 18:00:00
2021-05-24 12:59:03,2021-08-24 18:00:00
2021-02-20 16:30:19,2021-03-20 18:00:00
2021-01-05 14:02:33,2021-05-05 18:00:00
2021-03-22 11:56:48,2021-05-22 18:00:00
2021-05-04 13:05:13,2021-06-04 18:00:00
2021-02-12 14:48:29,2021-04-12 18:00:00
2021-03-26 15:59:06,2021-04-26 18:00:00
2021-02-05 16:05:08,2021-05-05 18:00:00
2021-04-20 12:46:53,2021-05-20 18:00:00
2021-02-19 10:53:52,2021-06-19 18:00:00
2021-05-22 08:34:23,2021-07-22 18:00:00
2021-03-11 09:38:03,2021-07-11 18:00:00
2021-03-27 13:28:20,2021-04-27 18:00:00
2021-02-07 14:60:58,2021-06-07 18:00:00
2021-01-17 11:00:35,2021-05-17 18:00:00
2021-05-28 09:17:15,2021-06-28 18:00:00
2021-01-25 10:22:02,2021-05-25 18:00:00
2021-02-28 15:06:37,2021-05-28 18:00:00
2021-03-23 11:56:06,2021-07-23 18:00:00
2021-01-28 11:05:46,2021-05-28 18:00:00
2021-02-11 13:25:28,2021-04-11 18:00:00
2021-03-01 15:43:43,2021-05-01 18:00:00
2021-05-15 13:47:50,2021-07-15 18:00:00
2021-04-26 08:30:35,2021-08-26 18:00:00
2021-04-17 16:09:07,2021-05-17 18:00:00
2021-03-08 09:42:30,2021-06-08 18:00:00
2021-01-01 12:25:23,2021-02-01 18:00:00
2021-04-12 14:36:26,2021-06-12 18:00:00
2021-03-26 10:34:00,2021-04-26 18:00:00
2021-05-08 08:07:02,2021-08-08 18:00:00
2021-02-08 11:31:57,2021-03-08 18:00:00
2021-02-12 08:45:47,2021-03-12 18:00:00
2021-05-06 11:04:46,2021-08-06 18:00:00
2021-03-01 09:09:30,2021-07-01 18:00:00
2021-05-02 14:19:02,2021-06-02 18:00:00
2021-04-02 14:00:40,2021-07-02 18:00:00
2021-04-28 12:43:06,2021-08-28 18:00:00
2021-02-08 14:07:03,2021-05-08 18:00:00
2021-03-04 10:22:24,2021-06-04 18:00:00
2021-01-18 17:29:39,2021-04-18 18:00:00
2021-02-05 16:34:25,2021-05-05 18:00:00
2021-05-14 17:52:44,2021-06-14 18:00:00
2021-04-04 09:18:45,2021-07-04 18:00:00
2021-03-04 13:39:08,2021-04-04 18:00:00
2021-02-20 10:15:00,2021-06-20 18:00:00
2021-03-18 14:36:16,2021-04-18 18:00:00
2020-05-05 13:32:36,2020-08-05 18:00:00
2021-05-05 13:24:41,2021-08-05 18:00:00
2021-05-10 08:03:54,2021-09-10 18:00:00
2021-04-25 13:56:53,2021-05-25 18:00:00
2021-05-28 13:03:02,2021-06-28 18:00:00
2021-02-14 13:43:36,2021-03-14 18:00:00
2021-05-03 09:25:03,2021-07-03 18:00:00
2021-05-15 17:18:49,2021-06-15 18:00:00
2021-05-17 15:13:08,2021-07-17 18:00:00
2021-04-21 12:52:01,2021-05-21 18:00:00
2021-04-26 10:50:45,2021-08-26 18:00:00
2021-03-17 16:09:15,2021-05-17 18:00:00
2021-05-14 10:54:25,2021-07-14 18:00:00
2021-03-18 11:44:54,2021-07-18 18:00:00
2021-01-08 14:21:38,2021-04-08 18:00:00
2021-02-02 17:02:26,2021-04-02 18:00:00
2021-05-18 14:47:18,2021-08-18 18:00:00
2021-01-09 14:39:43,2021-04-09 18:00:00
2021-03-14 17:06:34,2021-04-14 18:00:00
2021-03-02 09:58:25,2021-07-02 18:00:00
2021-04-26 09:20:06,2021-06-26 18:00:00
2021-04-25 15:28:17,2021-07-25 18:00:00
2021-01-23 17:50:19,2021-02-23 18:00:00
2021-03-16 17:39:39,2021-07-16 18:00:00
2021-03-10 10:35:52,2021-04-10 18:00:00
2021-01-28 16:39:38,2021-04-28 18:00:00
2021-03-19 16:32:49,2021-04-19 18:00:00
2021-05-08 13:35:44,2021-09-08 18:00:00
2021-05-10 12:41:35,2021-07-10 18:00:00
2021-02-03 13:23:32,2021-04-03 18:00:00
2021-01-11 12:13:53,2021-05-11 18:00:00
2021-05-24 17:53:11,2021-08-24 18:00:00
2021-05-26 16:32:13,2021-08-26 18:00:00
2021-04-10 10:32:46,2021-05-10 18:00:00
2021-05-18 17:24:60,2021-09-18 18:00:00
2021-05-07 16:13:42,2021-08-07 18:00:00
2021-04-22 15:32:14,2021-05-22 18:00:00
2021-03-04 09:37:14,2021-04-04 18:00:00
2021-04-24 11:52:58,2021-06-24 18:00:00
2021-02-15 10:14:06,2021-03-15 18:00:00
2021-04-07 15:10:31,2021-07-07 18:00:00
2021-05-11 12:37:37,2021-07-11 18:00:00
2021-01-16 09:23:60,2021-05-16 18:00:00
2021-01-03 11:55:48,2021-03-03 18:00:00
2021-05-05 10:09:48,2021-09-05 18:00:00
2021-02-12 08:51:46,2021-03-12 18:00:00
2021-03-20 10:55:41,2021-06-20 18:00:00
2021-03-02 17:21:56,2021-07-02 18:00:00
2021-01-17 09:00:07,2021-05-17 18:00:00
2021-02-04 17:28:45,2021-06-04 18:00:00
2021-02-11 15:35:56,2021-05-11 18:00:00
2021-04-16 10:02:02,2021-05-16 18:00:00
2021-03-14 12:41:02,2021-05-14 18:00:00
2021-01-26 09:49:39,2021-03-26 18:00:00
2021-01-02 13:29:27,2021-02-02 18:00:00
2021-02-27 13:19:43,2021-05-27 18:00:00
2021-02-06 12:13:51,2021-05-06 18:00:00
2021-02-16 10:59:01,2021-06-16 18:00:00
2021-04-24 09:00:60,2021-05-24 18:00:00
2021-02-14 10:02:42,2021-03-14 18:00:00
2021-03-21 09:18:15,2021-07-21 18:00:00
2021-03-12 16:14:09,2021-07-12 18:00:00
2021-03-16 13:34:30,2021-05-16 18:00:00
2021-01-23 11:17:06,2021-02-23 18:00:00
2021-03-08 16:01:28,2021-04-08 18:00:00
2021-04-06 11:52:53,2021-07-06 18:00:00
2021-04-14 17:04:07,2021-08-14 18:00:00
2021-04-14 09:38:46,2021-06-14 18:00:00
2021-05-23 12:54:17,2021-07-23 18:00:00
2021-01-07 12:10:37,2021-02-07 18:00:00
2021-04-12 09:60:19,2021-05-12 18:00:00
2021-01-14 13:04:23,2021-02-14 18:00:00
2021-05-04 09:29:43,2021-06-04 18:00:00
2021-02-25 10:55:39,2021-05-25 18:00:00
2021-05-02 14:32:17,2021-06-02 18:00:00
2021-05-08 17:29:03,2021-08-08 18:00:00
2021-03-17 17:54:16,2021-05-17 18:00:00
2021-02-05 13:30:27,2021-03-05 18:00:00
2021-05-01 14:32:45,2021-06-01 18:00:00
2021-04-25 15:43:32,2021-05-25 18:00:00
2021-02-21 08:13:43,2021-03-21 18:00:00
2021-03-14 12:24:59,2021-06-14 18:00:00
2021-04-15 15:55:50,2021-06-15 18:00:00
2021-02-10 09:28:16,2021-03-10 18:00:00
2021-01-27 12:18:23,2021-04-27 18:00:00
2021-02-24 12:44:14,2021-04-24 18:00:00
2021-01-21 12:50:24,2021-03-21 18:00:00
2021-01-28 08:06:29,2021-03-28 18:00:00
2021-03-20 15:40:23,2021-07-20 18:00:00
2021-04-09 09:24:34,2021-06-09 18:00:00
2021-05-24 11:34:16,2021-06-24 18:00:00
2021-04-12 13:33:09,2021-05-12 18:00:00
2021-04-02 12:02:53,2021-08-02 18:00:00
2021-03-27 09:22:11,2021-06-27 18:00:00
2021-02-12 17:44:46,2021-03-12 18:00:00
2021-02-17 08:12:11,2021-03-17 18:00:00
2021-04-14 17:32:33,2021-05-14 18:00:00
2021-02-22 11:11:04,2021-05-22 18:00:00
2021-01-23 10:40:20,2021-02-23 18:00:00
2021-01-13 16:11:34,2021-03-13 18:00:00
2021-02-05 16:07:48,2021-05-05 18:00:00
2021-01-26 17:48:47,2021-03-26 18:00:00
2021-02-04 11:18:09,2021-03-04 18:00:00
2021-02-11 08:26:12,2021-03-11 18:00:00
2021-04-22 15:46:28,2021-07-22 18:00:00
2021-03-15 09:39:44,2021-06-15 18:00:00
2021-02-01 11:59:15,2021-04-01 18:00:00
2021-02-02 16:46:24,2021-05-02 18:00:00
2021-01-18 14:30:43,2021-02-18 18:00:00
2021-03-04 13:59:29,2021-07-04 18:00:00
2021-03-05 08:39:24,2021-05-05 18:00:00
2021-04-28 08:15:56,2021-05-28 18:00:00
2021-05-10 15:13:22,2021-07-10 18:00:00
2021-05-22 08:29:59,2021-08-22 18:00:00
2021-01-15 13:00:25,2021-04-15 18:00:00
2021-04-01 17:22:25,2021-06-01 18:00:00
2021-02-20 10:10:28,2021-05-20 18:00:00
2021-05-22 12:47:52,2021-08-22 18:00:00
2021-04-01 12:55:42,2021-05-01 18:00:00
2021-03-14 12:07:35,2021-07-14 18:00:00
2021-02-06 15:44:52,2021-05-06 18:00:00
2021-02-27 09:52:20,2021-04-27 18:00:00
2021-02-20 08:04:05,2021-06-20 18:00:00
2021-02-08 11:58:20,2021-05-08 18:00:00
2021-03-27 14:22:58,2021-07-27 18:00:00
2021-02-21 11:39:21,2021-03-21 18:00:00
2021-05-06 08:42:18,2021-08-06 18:00:00
2021-05-02 13:08:43,2021-07-02 18:00:00
2021-05-21 10:12:35,2021-08-21 18:00:00
2021-05-02 09:24:13,2021-09-02 18:00:00
2021-03-15 16:19:52,2021-06-15 18:00:00
2021-03-13 13:46:05,2021-07-13 18:00:00
2021-03-17 12:29:05,2021-06-17 18:00:00
2021-01-13 10:47:44,2021-04-13 18:00:00
2021-02-23 17:25:53,2021-04-23 18:00:00
2021-02-06 17:19:45,2021-03-06 18:00:00
2021-04-07 08:11:17,2021-08-07 18:00:00
2021-02-11 15:52:20,2021-04-11 18:00:00
2021-05-12 13:36:41,2021-06-12 18:00:00
2021-05-22 17:28:46,2021-09-22 18:00:00
2021-02-06 16:27:45,2021-05-06 18:00:00
2021-01-28 17:15:56,2021-04-28 18:00:00
2021-02-15 16:12:43,2021-03-15 18:00:00
2021-01-13 14:60:50,2021-02-13 18:00:00
2021-05-02 08:53:16,2021-09-02 18:00:00
2021-03-16 12:06:60,2021-04-16 18:00:00
2021-04-25 09:58:59,2021-07-25 18:00:00
2021-04-12 16:27:48,2021-08-12 18:00:00
2021-03-14 12:24:23,2021-04-14 18:00:00
2021-03-21 15:35:31,2021-07-21 18:00:00
2021-02-08 16:42:00,2021-05-08 18:00:00
2021-03-07 16:06:00,2021-04-07 18:00:00
2021-04-25 13:25:54,2021-07-25 18:00:00
2021-03-26 15:46:30,2021-07-26 18:00:00
2021-03-04 10:02:06,2021-05-04 18:00:00
2021-01-13 08:11:27,2021-03-13 18:00:00
2021-04-24 14:59:20,2021-08-24 18:00:00
2021-04-17 08:44:26,2021-06-17 18:00:00
2021-01-15 17:39:00,2021-03-15 18:00:00
2021-05-11 08:15:33,2021-09-11 18:00:00
2021-02-19 08:13:34,2021-05-19 18:00:00
2021-03-20 16:03:19,2021-04-20 18:00:00
2021-05-05 13:35:07,2021-07-05 18:00:00
2021-01-16 17:32:32,2021-05-16 18:00:00
2021-02-17 15:44:14,2021-03-17 18:00:00
2021-03-25 08:35:33,2021-06-25 18:00:00
2021-05-16 15:14:47,2021-06-16 18:00:00
2021-01-02 12:38:57,2021-04-02 18:00:00
2021-05-11 10:22:25,2021-09-11 18:00:00
2021-04-22 15:34:46,2021-08-22 18:00:00
2021-02-18 15:54:39,2021-05-18 18:00:00
2021-03-22 13:40:59,2021-04-22 18:00:00
2021-04-04 08:05:57,2021-05-04 18:00:00
2021-05-20 15:15:60,2021-07-20 18:00:00
2021-05-13 10:33:51,2021-08-13 18:00:00
2021-02-20 12:25:44,2021-06-20 18:00:00
2021-03-01 10:32:31,2021-06-01 18:00:00
2021-05-13 11:46:22,2021-07-13 18:00:00
2021-02-17 16:04:11,2021-06-17 18:00:00
2021-01-23 17:37:45,2021-02-23 18:00:00
2021-05-27 11:26:59,2021-08-27 18:00:00
2021-02-19 15:01:40,2021-04-19 18:00:00
2021-02-02 15:24:47,2021-06-02 18:00:00
2021-04-28 15:07:25,2021-07-28 18:00:00
2021-01-18 12:59:26,2021-03-18 18:00:00
2021-05-26 17:55:13,2021-07-26 18:00:00
2021-04-15 11:09:25,2021-05-15 18:00:00
2021-04-01 17:57:08,2021-06-01 18:00:00
2020-03-22 16:37:20,2020-06-22 18:00:00
2021-01-01 15:28:05,2021-04-01 18:00:00
2021-02-09 11:45:50,2021-03-09 18:00:00
2021-02-11 10:07:59,2021-05-11 18:00:00
2021-02-03 14:20:33,2021-04-03 18:00:00
2021-03-23 08:23:59,2021-07-23 18:00:00
2021-05-01 13:35:08,2021-07-01 18:00:00
2021-05-05 13:50:25,2021-08-05 18:00:00
2021-04-02 12:24:15,2021-05-02 18:00:00
2021-05-06 10:11:40,2021-09-06 18:00:00
2021-04-11 14:23:01,2021-05-11 18:00:00
2021-01-01 17:06:46,2021-02-01 18:00:00
2021-04-27 16:31:08,2021-07-27 18:00:00
2021-02-17 14:37:11,2021-05-17 18:00:00
2021-05-16 12:44:54,2021-08-16 18:00:00
2021-02-22 13:38:28,2021-06-22 18:00:00
2021-04-08 16:36:00,2021-06-08 18:00:00
2021-04-10 16:23:60,2021-07-10 18:00:00
2021-05-09 11:15:03,2021-07-09 18:00:00
2021-01-26 15:27:44,2021-04-26 18:00:00
2021-04-12 08:51:28,2021-05-12 18:00:00
2021-02-04 10:07:13,2021-06-04 18:00:00
2021-05-18 11:08:31,2021-06-18 18:00:00
2021-01-17 13:50:51,2021-04-17 18:00:00
2021-01-08 16:38:15,2021-05-08 18:00:00
2021-05-09 12:53:39,2021-08-09 18:00:00
2021-02-21 14:58:21,2021-04-21 18:00:00
2021-02-21 12:33:34,2021-06-21 18:00:00
2021-02-21 09:12:13,2021-06-21 18:00:00
2021-04-05 10:31:01,2021-06-05 18:00:00
2021-04-26 09:08:05,2021-05-26 18:00:00
2021-04-15 15:39:19,2021-08-15 18:00:00
2021-03-19 11:08:12,2021-04-19 18:00:00
2021-03-08 15:28:48,2021-05-08 18:00:00
2021-05-17 12:19:54,2021-06-17 18:00:00
2021-04-16 11:44:46,2021-07-16 18:00:00
2021-04-06 17:48:05,2021-07-06 18:00:00
2021-02-05 11:19:19,2021-06-05 18:00:00
2021-04-09 08:25:03,2021-06-09 18:00:00
2021-03-24 11:06:56,2021-06-24 18:00:00
2021-03-02 12:35:33,2021-07-02 18:00:00
2021-04-09 08:51:31,2021-05-09 18:00:00
2021-05-12 08:51:41,2021-09-12 18:00:00
2021-04-14 14:16:54,2021-06-14 18:00:00
2021-04-12 13:54:17,2021-07-12 18:00:00
2021-01-10 12:58:04,2021-05-10 18:00:00
2021-01-19 10:10:33,2021-03-19 18:00:00
2021-01-28 09:02:06,2021-03-28 18:00:00
2021-04-21 10:05:23,2021-08-21 18:00:00
2021-05-14 15:14:26,2021-06-14 18:00:00
2021-03-12 08:25:53,2021-04-12 18:00:00
2021-04-04 14:30:47,2021-07-04 18:00:00
2021-02-27 08:43:19,2021-03-27 18:00:00
2021-04-18 08:18:25,2021-06-18 18:00:00
2021-01-01 08:58:03,2021-03-01 18:00:00
2021-02-15 09:23:15,2021-03-15 18:00:00
2021-05-26 15:60:02,2021-09-26 18:00:00
2021-02-16 10:36:25,2021-04-16 18:00:00
2021-04-03 17:53:08,2021-08-03 18:00:00
2021-02-03 12:12:01,2021-06-03 18:00:00
2021-04-07 10:01:23,2021-06-07 18:00:00
2021-05-23 15:39:13,2021-08-23 18:00:00
2021-02-24 08:47:00,2021-05-24 18:00:00
2021-02-23 13:45:05,2021-04-23 18:00:00
2021-05-23 14:52:45,2021-08-23 18:00:00
