bookId,branchId,cardNo,dateOut,dueDate
0785552,1449,331447,2021-01-18 11:22:55,2021-05-18 18:00:00
0781398,7416,707479,2021-04-27 17:47:06,2021-06-27 18:00:00
3544202,9236,861476,2021-05-05 08:07:14,2021-09-05 18:00:00
1552652,9424,853770,2021-04-24 08:54:32,2021-08-24 18:00:00
8627634,8955,191919,2021-05-17 15:54:43,2021-07-17 18:00:00
9576172,3187,682346,2021-01-10 14:06:33,2021-05-10 18:00:00
8371826,1387,106454,2021-02-13 09:32:01,2021-05-13 18:00:00
6873131,6837,422965,2021-05-04 15:00:33,2021-09-04 18:00:00
6356970,0019,756735,2021-03-26 14:06:31,2021-04-26 18:00:00
6712395,7849,643839,2021-03-22 10:52:32,2021-04-22 18:00:00
7858171,2238,419397,2021-05-07 17:47:28,2021-08-07 18:00:00
9349941,3701,744861,2021-04-05 15:35:25,2021-05-05 18:00:00
9712985,3722,913883,2021-05-02 08:52:02,2021-06-02 18:00:00
0618836,9206,410590,2021-02-26 11:06:04,2021-06-26 18:00:00
0834320,9055,717909,2021-03-11 10:47:33,2021-07-11 18:00:00
3781401,4797,387029,2021-03-08 16:48:23,2021-06-08 18:00:00
7303092,4879,017152,2021-05-12 14:30:10,2021-08-12 18:00:00
5974415,2700,033798,2021-01-07 15:09:27,2021-05-07 18:00:00
0611924,5093,643541,2021-01-10 09:29:32,2021-04-10 18:00:00
5353245,5563,099954,2021-04-16 15:37:32,2021-08-16 18:00:00
3917101,3961,075644,2021-01-19 10:58:34,2021-04-19 18:00:00
0494899,9796,031786,2021-02-23 10:14:49,2021-05-23 18:00:00
8938403,7993,827639,2021-05-18 08:36:20,2021-08-18 18:00:00
8178084,6184,056120,2021-02-25 09:51:31,2021-06-25 18:00:00
0594223,6094,553336,2021-04-05 12:12:17,2021-06-05 18:00:00
0545397,8284,855459,2021-03-21 10:40:19,2021-05-21 18:00:00
8160581,5852,950427,2021-02-28 16:39:01,2021-06-28 18:00:00
7514502,4702,301144,2021-02-03 14:52:57,2021-06-03 18:00:00
0370420,3590,878557,2021-03-02 09:25:38,2021-04-02 18:00:00
3853062,0013,009961,2021-03-17 12:03:51,2021-04-17 18:00:00
0201295,9103,082307,2021-01-02 12:04:22,2021-05-02 18:00:00
6301863,7931,557221,2021-02-23 13:28:12,2021-04-23 18:00:00
9732848,9847,469746,2021-05-03 10:03:12,2021-08-03 18:00:00
2568133,2422,557428,2021-05-05 15:30:16,2021-08-05 18:00:00
8445647,3166,837082,2021-05-02 16:39:14,2021-09-02 18:00:00
7222820,4211,785477,2021-04-15 12:39:18,2021-07-15 18:00:00
5619003,6263,786010,2021-02-23 17:24:51,2021-05-23 18:00:00
6016909,4805,482969,2021-03-21 09:21:28,2021-06-21 18:00:00
9500027,3358,586993,2021-01-06 15:32:28,2021-04-06 18:00:00
1462552,9191,369116,2021-02-07 12:21:09,2021-03-07 18:00:00
0656103,1976,589524,2021-04-25 08:47:29,2021-08-25 18:00:00
7247368,5617,531562,2021-01-17 13:42:19,2021-02-17 18:00:00
7703574,3836,387571,2021-01-07 12:59:51,2021-02-07 18:00:00
9034655,7128,029345,2021-04-25 14:39:03,2021-06-25 18:00:00
6740664,2113,813424,2021-03-20 11:02:45,2021-05-20 18:00:00
3992558,4141,445440,2021-03-13 13:06:54,2021-04-13 18:00:00
2921686,1567,086081,2021-02-27 10:56:18,2021-05-27 18:00:00
2491551,5421,555502,2021-01-08 14:28:33,2021-05-08 18:00:00
9089470,2505,443946,2021-02-01 17:28:38,2021-06-01 18:00:00
6101841,6399,963501,2021-01-19 12:41:09,2021-03-19 18:00:00
6071605,9284,251069,2021-02-11 11:51:43,2021-05-11 18:00:00
6916814,4862,512067,2021-05-06 13:24:53,2021-07-06 18:00:00
7960317,6887,325164,2021-03-13 13:14:57,2021-04-13 18:00:00
3641214,9760,921525,2021-04-16 17:02:19,2021-07-16 18:00:00
3545961,1821,619977,2021-02-10 14:50:40,2021-04-10 18:00:00
0348941,4886,463486,2021-04-04 11:29:22,2021-05-04 18:00:00
5826244,8925,636193,2021-02-01 09:51:04,2021-05-01 18:00:00
2313779,7194,800216,2021-02-16 10:51:10,2021-06-16 18:00:00
6089028,9019,415207,2021-02-20 16:39:24,2021-05-20 18:00:00
9660545,9095,731499,2021-03-02 15:03:16,2021-06-02 18:00:00
5691383,2417,260532,2021-05-03 09:01:16,2021-09-03 18:00:00
3539869,7540,433201,2021-03-15 10:32:09,2021-06-15 18:00:00
9200201,8506,335532,2021-03-11 12:26:18,2021-06-11 18:00:00
2121992,4466,259657,2021-05-18 16:47:00,2021-08-18 18:00:00
6029598,3901,430302,2021-02-19 15:12:26,2021-05-19 18:00:00
9031172,3438,581247,2021-01-22 15:18:34,2021-02-22 18:00:00
0365210,6172,579171,2021-02-03 17:46:48,2021-05-03 18:00:00
4908014,2483,178759,2021-01-08 10:10:54,2021-03-08 18:00:00
2377658,4791,798908,2021-02-02 12:52:48,2021-06-02 18:00:00
3758915,4376,314454,2021-01-16 09:58:08,2021-02-16 18:00:00
7008769,4572,733506,2021-05-06 13:19:06,2021-07-06 18:00:00
0192760,0365,853573,2021-03-05 11:46:44,2021-06-05 18:00:00
5676090,8192,834152,2021-04-28 15:10:44,2021-08-28 18:00:00
2603951,1585,555121,2021-03-09 09:53:15,2021-04-09 18:00:00
1013087,3964,563943,2021-05-11 11:22:58,2021-09-11 18:00:00
6085541,7370,120695,2021-02-14 12:08:48,2021-04-14 18:00:00
8198077,9291,762348,2021-04-16 10:52:28,2021-08-16 18:00:00
5128880,6466,612485,2021-01-07 14:42:27,2021-04-07 18:00:00
2476386,2850,899267,2021-03-08 10:47:53,2021-05-08 18:00:00
9920994,1672,473107,2021-01-19 15:15:38,2021-04-19 18:00:00
3747530,2917,906457,2021-05-24 17:59:36,2021-09-24 18:00:00
4505553,1915,697912,2021-01-10 11:48:05,2021-04-10 18:00:00
5186119,8441,175140,2021-02-24 13:40:15,2021-06-24 18:00:00
2622699,4777,037883,2021-02-16 13:12:48,2021-03-16 18:00:00
2030185,4818,782428,2021-04-20 09:57:46,2021-05-20 18:00:00
8009943,0755,423672,2021-02-04 17:22:20,2021-05-04 18:00:00
6578892,7649,174474,2021-03-21 08:00:42,2021-06-21 18:00:00
2635220,5526,394730,2021-02-26 12:12:60,2021-04-26 18:00:00
9157036,6733,885722,2021-03-19 10:52:55,2021-05-19 18:00:00
0083083,8722,120429,2021-01-25 13:40:43,2021-04-25 18:00:00
3176280,2541,684772,2021-05-16 17:27:08,2021-09-16 18:00:00
6687803,4791,661635,2021-04-13 11:23:43,2021-05-13 18:00:00
3580769,5093,052784,2021-03-23 17:34:43,2021-05-23 18:00:00
4244619,8925,768617,2021-02-12 15:05:43,2021-04-12 18:00:00
0215378,9191,500404,2021-01-28 09:37:36,2021-04-28 18:00:00
5404891,7931,060161,2021-03-20 16:39:15,2021-05-20 18:00:00
5342911,9796,966845,2021-03-26 11:41:22,2021-05-26 18:00:00
8530690,6837,733066,2021-01-02 11:40:56,2021-03-02 18:00:00
5417063,2850,875597,2021-02-12 12:52:24,2021-03-12 18:00:00
2806594,4791,631169,2021-01-21 16:41:53,2021-02-21 18:00:00
9330928,3166,020784,2021-03-28 16:10:02,2021-04-28 18:00:00
1889991,2505,263118,2021-04-15 14:41:40,2021-08-15 18:00:00
4751681,6837,601526,2021-04-12 17:59:13,2021-05-12 18:00:00
4585616,5852,556413,2021-04-04 13:11:04,2021-08-04 18:00:00
9362100,3961,000889,2021-02-23 17:49:58,2021-06-23 18:00:00
5972375,2417,645415,2021-01-25 15:12:24,2021-03-25 18:00:00
5264374,7416,472142,2021-05-17 17:57:34,2021-08-17 18:00:00
9580646,7849,977080,2021-01-17 11:08:37,2021-03-17 18:00:00
7853373,4376,884640,2021-04-02 14:48:21,2021-07-02 18:00:00
9769931,7649,106722,2021-04-23 15:14:06,2021-07-23 18:00:00
4104797,3901,746906,2021-05-05 09:33:36,2021-07-05 18:00:00
6321853,1387,148017,2021-03-15 16:05:04,2021-05-15 18:00:00
1520825,6263,483578,2021-02-16 13:05:15,2021-03-16 18:00:00
3390987,1976,908950,2021-04-14 09:13:11,2021-07-14 18:00:00
7668988,4886,266435,2021-01-03 17:11:44,2021-04-03 18:00:00
2735235,0755,451345,2021-01-16 08:16:18,2021-05-16 18:00:00
1189415,4466,235623,2021-03-22 08:26:42,2021-05-22 18:00:00
4197175,0013,419892,2021-04-19 10:28:39,2021-08-19 18:00:00
4384809,2850,222681,2021-04-06 13:15:08,2021-08-06 18:00:00
2692085,3964,835386,2021-03-08 16:41:15,2021-07-08 18:00:00
0069209,branchId,456604,2021-05-19 13:20:00,2021-06-19 18:00:00
0263378,7540,563354,2021-03-13 15:02:18,2021-05-13 18:00:00
6982814,8955,704867,2021-03-20 08:17:14,2021-06-20 18:00:00
5076494,1976,866967,2021-03-24 16:11:09,2021-04-24 18:00:00
8011925,9847,931848,2021-02-19 10:57:51,2021-03-19 18:00:00
1162482,4805,343391,2021-02-24 11:42:37,2021-04-24 18:00:00
9940939,2541,542115,2021-03-07 12:15:35,2021-04-07 18:00:00
3693864,7370,791998,2021-01-28 17:58:12,2021-02-28 18:00:00
2679266,3166,479421,2021-03-06 15:27:34,2021-07-06 18:00:00
4158780,3438,894529,2021-03-25 17:32:22,2021-06-25 18:00:00
4921517,4818,304256,2021-03-11 13:48:46,2021-04-11 18:00:00
7324660,4818,111221,2021-05-09 15:49:03,2021-07-09 18:00:00
0896639,7649,076555,2021-05-26 15:48:03,2021-09-26 18:00:00
9883377,8955,651593,2021-05-05 15:24:60,2021-06-05 18:00:00
9778799,3438,473247,2021-05-07 12:03:35,2021-07-07 18:00:00
3184368,4797,532988,2021-01-27 08:23:45,2021-04-27 18:00:00
7535835,9095,750880,2021-01-15 10:36:57,2021-03-15 18:00:00
8111528,3901,522728,2021-05-13 10:38:02,2021-06-13 18:00:00
4414859,5526,888290,2021-05-10 11:14:51,2021-09-10 18:00:00
7326563,7849,593202,2021-05-10 15:12:60,2021-08-10 18:00:00
7684610,9847,316279,2021-04-22 10:52:15,2021-05-22 18:00:00
4574209,1672,231180,2021-03-24 12:50:18,2021-06-24 18:00:00
5554069,4572,159852,2021-03-18 11:35:48,2021-04-18 18:00:00
9148176,1449,713256,2021-02-20 16:16:21,2021-06-20 18:00:00
3317224,2541,344860,2021-05-05 10:33:44,2021-07-05 18:00:00
7301925,9019,280777,2021-01-24 10:57:43,2021-03-24 18:00:00
5390177,7194,333552,2021-05-17 13:03:49,2021-07-17 18:00:00
8185483,3961,716085,2021-02-03 13:22:52,2021-03-03 18:00:00
5681323,1449,907709,2021-01-16 15:57:55,2021-04-16 18:00:00
0065554,8955,272160,2021-05-08 16:46:52,2021-08-08 18:00:00
8767055,4702,114492,2021-03-23 08:41:10,2021-04-23 18:00:00
8421816,4702,052441,2021-05-17 15:19:33,2021-09-17 18:00:00
9087949,6837,143121,2021-05-07 12:19:02,2021-08-07 18:00:00
4772535,2483,819088,2021-03-16 11:48:49,2021-04-16 18:00:00
0382311,3701,218341,2021-04-24 10:28:48,2021-08-24 18:00:00
7865726,0755,796712,2021-04-05 08:30:44,2021-07-05 18:00:00
5802541,5617,776331,2021-03-22 09:53:01,2021-07-22 18:00:00
6250661,5421,819564,2021-03-22 14:49:10,2021-07-22 18:00:00
8842657,6184,788810,2021-03-23 14:13:25,2021-06-23 18:00:00
5545649,9191,653227,2021-02-28 08:13:27,2021-03-28 18:00:00
1982221,3187,518704,2021-02-21 12:51:10,2021-04-21 18:00:00
3599590,3701,608308,2021-01-15 15:40:37,2021-04-15 18:00:00
1331905,9191,172342,2021-04-19 16:49:06,2021-05-19 18:00:00
2591054,9055,339309,2021-03-28 15:24:56,2021-07-28 18:00:00
6816825,1976,142467,2021-02-23 10:26:56,2021-05-23 18:00:00
7872929,4797,525899,2021-05-14 09:46:00,2021-08-14 18:00:00
1272532,5852,228605,2021-01-02 13:48:59,2021-04-02 18:00:00
4410441,6399,912337,2021-05-05 10:17:39,2021-08-05 18:00:00
5386085,5617,985993,2021-03-10 08:05:51,2021-04-10 18:00:00
1022188,8192,017119,2020-01-14 17:19:20,2020-02-14 18:00:00
4649484,5526,560400,2021-03-14 09:21:17,2021-04-14 18:00:00
7159141,9847,224540,2021-04-12 11:29:20,2021-05-12 18:00:00
9447683,4211,769325,2021-03-13 08:14:56,2021-05-13 18:00:00
7051665,4862,596898,2021-03-04 16:24:45,2021-07-04 18:00:00
8466888,3964,014782,2021-02-04 10:32:01,2021-03-04 18:00:00
4204133,5421,592396,2021-04-16 17:31:32,2021-07-16 18:00:00
1755146,8722,497353,2021-01-11 09:02:59,2021-04-11 18:00:00
8033763,4141,142113,2021-04-25 15:55:00,2021-07-25 18:00:00
2972322,7128,692850,2021-04-02 09:29:41,2021-06-02 18:00:00
9916456,7128,900664,2021-03-21 10:33:55,2021-04-21 18:00:00
9330596,6399,846651,2021-02-01 08:24:54,2021-05-01 18:00:00
4281204,4777,337262,2021-01-18 15:34:45,2021-02-18 18:00:00
3375713,8925,105654,2021-01-25 08:39:12,2021-04-25 18:00:00
7337953,4702,826905,2021-05-26 09:46:28,2021-09-26 18:00:00
7485446,3722,400640,2021-02-22 13:11:35,2021-06-22 18:00:00
1084190,3701,406466,2021-02-08 11:41:23,2021-04-08 18:00:00
4537480,7649,394183,2021-05-02 12:31:01,2021-09-02 18:00:00
0735880,4797,235998,2021-03-26 08:29:23,2021-04-26 18:00:00
0205746,5526,120556,2021-05-05 12:49:26,2021-08-05 18:00:00
6466367,9284,911970,2021-01-20 08:49:06,2021-05-20 18:00:00
7772811,0755,187415,2021-02-06 15:50:23,2021-05-06 18:00:00
0746360,9284,998959,2021-04-06 17:41:30,2021-06-06 18:00:00
4384717,8192,921489,2021-03-08 13:47:00,2021-05-08 18:00:00
4569901,2238,476975,2021-03-15 11:17:52,2021-04-15 18:00:00
5569241,8955,518645,2021-03-01 15:54:46,2021-07-01 18:00:00
2039250,branchId,365389,2021-01-10 14:17:25,2021-04-10 18:00:00
7887469,3836,213688,2021-02-26 17:01:12,2021-04-26 18:00:00
9855637,5526,014234,2021-01-21 12:03:57,2021-04-21 18:00:00
6393916,8722,269397,2021-05-21 12:21:10,2021-06-21 18:00:00
8226726,6094,349539,2021-03-11 12:41:44,2021-05-11 18:00:00
8141664,3166,322522,2021-02-22 11:53:51,2021-04-22 18:00:00
6329895,3438,442722,2021-05-14 11:45:11,2021-07-14 18:00:00
5880337,4862,536346,2021-02-13 12:24:56,2021-03-13 18:00:00
4389339,9019,701764,2021-02-28 08:16:52,2021-04-28 18:00:00
2131319,1821,451388,2021-01-16 14:21:19,2021-03-16 18:00:00
7037837,7128,674289,2021-02-01 15:21:51,2021-04-01 18:00:00
4827785,4572,628490,2021-05-11 11:45:25,2021-07-11 18:00:00
2639470,3961,831649,2021-03-24 10:11:06,2021-07-24 18:00:00
6612117,6733,174265,2021-03-01 09:43:60,2021-07-01 18:00:00
1488401,9191,939712,2021-02-19 08:37:27,2021-03-19 18:00:00
0700685,4879,766308,2021-05-16 12:39:47,2021-06-16 18:00:00
9052935,9103,414140,2021-03-03 09:15:51,2021-07-03 18:00:00
9369775,4818,936788,2021-05-20 17:30:15,2021-07-20 18:00:00
0659096,9191,498089,2021-03-22 14:13:40,2021-05-22 18:00:00
3311385,7540,815034,2021-01-15 11:14:53,2021-05-15 18:00:00
0710074,7849,335660,2021-05-09 12:42:35,2021-07-09 18:00:00
3636265,branchId,057666,2021-02-12 12:13:53,2021-06-12 18:00:00
1709317,9019,549840,2021-03-12 14:47:30,2021-05-12 18:00:00
0956942,9103,672773,2021-01-03 11:45:33,2021-05-03 18:00:00
3282599,3964,041344,2021-04-07 15:59:51,2021-07-07 18:00:00
1704485,3961,692757,2021-04-14 11:58:32,2021-08-14 18:00:00
3323459,4862,174656,2021-05-05 11:27:14,2021-07-05 18:00:00
4885852,1449,508458,2021-05-16 16:20:26,2021-06-16 18:00:00
5158925,9796,646540,2021-05-08 08:40:51,2021-08-08 18:00:00
2866617,4791,111389,2021-05-13 12:37:52,2021-06-13 18:00:00
8914325,5421,510640,2021-03-07 10:60:57,2021-05-07 18:00:00
3855275,6184,320642,2021-02-25 17:18:60,2021-04-25 18:00:00
7221560,9760,896972,2021-02-23 13:30:53,2021-04-23 18:00:00
1086080,4886,429978,2021-05-13 12:51:57,2021-08-13 18:00:00
8629386,5563,012975,2021-01-13 17:26:59,2021-02-13 18:00:00
3725924,1387,180161,2021-04-12 16:22:57,2021-05-12 18:00:00
7586778,4211,907343,2021-05-24 15:11:02,2021-06-24 18:00:00
0261236,4797,665045,2021-04-14 16:23:01,2021-06-14 18:00:00
4261021,0365,685051,2021-05-20 11:14:27,2021-09-20 18:00:00
0529285,6466,225203,2021-01-13 14:03:35,2021-02-13 18:00:00
8066492,4466,367484,2021-01-10 11:41:37,2021-02-10 18:00:00
0756204,1915,952012,2021-01-05 15:04:20,2021-02-05 18:00:00
0707569,1567,503671,2021-04-01 12:06:27,2021-07-01 18:00:00
3350584,1387,058433,2021-01-05 17:55:26,2021-05-05 18:00:00
7377752,2850,900602,2021-05-20 15:47:06,2021-07-20 18:00:00
7336147,5563,985352,2021-04-24 15:02:12,2021-05-24 18:00:00
3294874,3358,532413,2021-04-16 17:15:40,2021-06-16 18:00:00
8329082,9284,802707,2021-02-24 10:20:42,2021-03-24 18:00:00
5021265,2422,398715,2021-02-04 15:27:03,2021-03-04 18:00:00
4061842,9095,211571,2021-04-12 13:00:05,2021-08-12 18:00:00
7594262,7370,376345,2021-03-14 11:16:19,2021-06-14 18:00:00
7135459,4886,539269,2021-03-21 08:57:10,2021-04-21 18:00:00
7552918,3964,289826,2021-04-17 13:55:44,2021-06-17 18:00:00
9348302,4702,417138,2021-01-25 08:27:52,2021-02-25 18:00:00
0363923,2917,540061,2021-05-11 10:01:12,2021-06-11 18:00:00
0357121,7370,831363,2021-03-26 13:55:52,2021-05-26 18:00:00
9395252,1672,820820,2021-04-19 09:22:47,2021-06-19 18:00:00
0747421,2541,688150,2021-05-25 11:45:51,2021-06-25 18:00:00
8473069,0013,885401,2021-01-18 11:51:08,2021-04-18 18:00:00
4511479,3722,397025,2021-05-17 08:47:57,2021-08-17 18:00:00
3238043,8925,861542,2021-03-07 11:15:07,2021-04-07 18:00:00
9899942,4879,146249,2021-02-28 11:55:60,2021-04-28 18:00:00
2670885,0013,058386,2021-02-04 13:50:40,2021-03-04 18:00:00
8864070,1976,271409,2021-02-18 15:25:02,2021-03-18 18:00:00
1354063,1387,296181,2021-05-07 11:39:17,2021-07-07 18:00:00
8474998,7993,687718,2021-04-13 12:01:05,2021-05-13 18:00:00
1053300,3438,412003,2021-02-22 17:16:06,2021-03-22 18:00:00
6390980,4805,867520,2021-02-22 09:55:25,2021-05-22 18:00:00
7496758,9103,608021,2021-04-05 14:22:60,2021-07-05 18:00:00
9415922,2417,327694,2021-05-08 10:48:27,2021-07-08 18:00:00
3752690,3358,439942,2021-01-13 11:32:18,2021-05-13 18:00:00
2019972,9019,066664,2021-05-09 09:24:36,2021-09-09 18:00:00
0495667,2417,096013,2021-05-02 16:37:46,2021-07-02 18:00:00
3384123,1976,916514,2021-03-22 17:17:40,2021-06-22 18:00:00
1559091,0019,562300,2021-02-18 12:12:44,2021-05-18 18:00:00
4631879,6094,687277,2021-01-15 14:53:41,2021-03-15 18:00:00
6907262,1567,252405,2021-01-06 12:38:21,2021-02-06 18:00:00
2325831,6837,749317,2020-01-22 14:44:13,2020-03-22 18:00:00
3565149,5421,721113,2021-04-18 14:53:00,2021-05-18 18:00:00
2550649,1672,800767,2021-03-07 10:56:25,2021-04-07 18:00:00
0851131,6733,116193,2021-03-23 09:17:16,2021-05-23 18:00:00
7268009,6094,402484,2021-02-14 17:19:20,2021-04-14 18:00:00
0004559,3701,333272,2021-04-19 14:07:49,2021-08-19 18:00:00
4995112,4805,434500,2021-02-18 11:34:02,2021-06-18 18:00:00
6775467,2238,451707,2021-04-07 17:39:15,2021-05-07 18:00:00
5653860,3187,422316,2021-03-16 16:46:21,2021-06-16 18:00:00
8841971,7540,670839,2021-02-08 13:01:44,2021-04-08 18:00:00
1249369,7540,230806,2021-03-13 12:14:06,2021-05-13 18:00:00
7190415,6094,629711,2021-01-11 13:37:15,2021-02-11 18:00:00
1046107,6184,794254,2021-04-04 11:23:60,2021-08-04 18:00:00
3116452,5617,018898,2021-01-07 08:32:20,2021-02-07 18:00:00
8580609,9103,723933,2021-05-28 08:58:49,2021-06-28 18:00:00
6897029,1567,827348,2021-05-03 12:05:31,2021-08-03 18:00:00
0249758,2850,610209,2021-03-20 10:38:01,2021-07-20 18:00:00
8232012,9424,568764,2021-04-16 12:46:21,2021-05-16 18:00:00
9458368,3701,461697,2021-02-19 17:40:27,2021-05-19 18:00:00
5828348,1585,629303,2021-05-22 14:34:48,2021-08-22 18:00:00
4511828,8722,498073,2021-02-02 14:10:00,2021-04-02 18:00:00
2632887,0013,818690,2021-03-26 17:54:19,2021-06-26 18:00:00
3093251,4797,701065,2021-01-06 12:22:45,2021-03-06 18:00:00
8937536,2483,757720,2021-05-13 08:12:50,2021-08-13 18:00:00
3384953,2417,959775,2021-02-08 11:14:36,2021-05-08 18:00:00
2928140,5852,839252,2021-04-05 14:53:54,2021-07-05 18:00:00
3139487,3166,811995,2021-02-08 14:05:40,2021-06-08 18:00:00
7624388,9424,847404,2021-02-09 08:57:07,2021-03-09 18:00:00
8000186,2483,537167,2021-02-22 11:33:55,2021-03-22 18:00:00
8448326,7993,492318,2021-02-14 16:29:22,2021-05-14 18:00:00
4621489,5093,882313,2021-03-05 15:56:08,2021-06-05 18:00:00
7368079,6263,875751,2021-03-24 09:60:06,2021-05-24 18:00:00
6164712,3590,492183,2021-04-26 09:06:40,2021-08-26 18:00:00
8688895,9095,153850,2021-05-18 11:57:15,2021-06-18 18:00:00
0158657,2917,551983,2021-04-13 12:34:42,2021-07-13 18:00:00
5048219,3901,432627,2021-03-03 15:46:10,2021-04-03 18:00:00
0608632,9236,046216,2021-02-01 16:15:32,2021-06-01 18:00:00
8037782,3901,400116,2021-05-26 11:44:49,2021-08-26 18:00:00
7145927,6837,059854,2021-01-24 12:31:00,2021-03-24 18:00:00
6312038,8925,762630,2021-01-17 08:01:48,2021-04-17 18:00:00
2564537,2917,053341,2021-02-26 13:13:34,2021-04-26 18:00:00
3569685,1976,038907,2021-01-17 11:09:08,2021-02-17 18:00:00
7996240,3722,086655,2021-01-14 10:39:02,2021-05-14 18:00:00
5494323,6837,340130,2021-04-22 14:38:18,2021-07-22 18:00:00
1735941,1585,283227,2021-03-01 10:50:59,2021-06-01 18:00:00
5005689,3358,917411,2021-03-05 16:47:34,2021-06-05 18:00:00
7876133,1585,247661,2021-03-24 11:41:43,2021-06-24 18:00:00
7208570,9847,988214,2021-03-11 12:32:33,2021-07-11 18:00:00
6773764,5093,351873,2021-02-27 17:34:56,2021-04-27 18:00:00
9552426,9796,159100,2021-05-27 10:10:45,2021-08-27 18:00:00
3392349,6184,173793,2021-05-08 14:57:41,2021-06-08 18:00:00
1028472,2850,477755,2021-03-21 11:13:23,2021-04-21 18:00:00
3452953,5526,022243,2021-03-28 15:21:23,2021-05-28 18:00:00
7125893,5563,225481,2021-02-03 08:26:53,2021-03-03 18:00:00
7995164,9424,895896,2021-04-13 12:59:52,2021-07-13 18:00:00
5223546,6887,597587,2021-02-20 08:45:29,2021-06-20 18:00:00
8092640,7128,301610,2021-04-12 11:22:53,2021-05-12 18:00:00
9394892,4777,414163,2021-04-04 12:06:16,2021-07-04 18:00:00
5402373,1976,258903,2021-02-03 08:43:59,2021-03-03 18:00:00
6624579,7993,832647,2021-05-17 11:00:00,2021-07-17 18:00:00
5293278,9236,187887,2021-05-23 08:09:05,2021-06-23 18:00:00
4425609,1672,285264,2021-05-22 17:34:00,2021-09-22 18:00:00
8875151,7128,100604,2021-02-01 12:02:33,2021-03-01 18:00:00
6538447,4777,615076,2021-04-16 17:09:52,2021-07-16 18:00:00
3023180,6399,695187,2021-02-08 17:36:25,2021-05-08 18:00:00
3159983,0019,953330,2021-02-04 11:03:37,2021-05-04 18:00:00
7473421,6466,929165,2021-02-22 15:31:51,2021-03-22 18:00:00
5338396,0365,223291,2021-03-28 10:52:20,2021-04-28 18:00:00
0070500,4879,838396,2021-01-12 14:10:45,2021-02-12 18:00:00
3146856,3438,094764,2021-01-16 15:41:08,2021-04-16 18:00:00
8229743,5852,788831,2021-04-06 09:11:13,2021-05-06 18:00:00
3955704,8284,666070,2021-02-11 08:01:02,2021-05-11 18:00:00
4537510,7540,957077,2021-02-03 09:40:54,2021-04-03 18:00:00
8041943,4886,425328,2021-01-20 17:52:31,2021-02-20 18:00:00
8356946,7128,742929,2021-05-28 15:14:23,2021-07-28 18:00:00
9813230,4862,947367,2021-04-02 09:52:60,2021-05-02 18:00:00
1446352,3166,541712,2021-01-03 12:47:41,2021-03-03 18:00:00
8153937,0755,712935,2021-05-06 14:13:19,2021-08-06 18:00:00
9795383,4376,215968,2021-05-15 08:16:38,2021-08-15 18:00:00
6605684,1387,421125,2021-01-11 09:00:58,2021-03-11 18:00:00
8889446,7416,911585,2021-05-11 09:60:20,2021-09-11 18:00:00
1226930,4572,938904,2021-03-26 09:54:03,2021-06-26 18:00:00
3021348,6399,163961,2021-02-04 14:04:50,2021-05-04 18:00:00
1051846,7649,079676,2021-01-27 14:51:56,2021-03-27 18:00:00
3148948,4862,501172,2021-01-04 13:16:15,2021-04-04 18:00:00
0022584,8192,360076,2021-01-17 16:00:03,2021-02-17 18:00:00
8834897,8722,424164,2021-03-15 11:14:39,2021-05-15 18:00:00
1373144,0013,333920,2021-01-06 10:04:29,2021-05-06 18:00:00
5302379,8441,404283,2021-04-07 13:57:34,2021-06-07 18:00:00
7063853,2917,712995,2021-02-10 15:09:33,2021-06-10 18:00:00
8804298,9206,278464,2021-02-10 15:19:36,2021-05-10 18:00:00
0705585,9847,263684,2021-05-12 14:19:12,2021-07-12 18:00:00
8938198,9206,201660,2021-04-19 16:21:08,2021-08-19 18:00:00
4518249,4818,928411,2021-02-21 12:36:57,2021-04-21 18:00:00
7919892,4797,482651,2021-02-09 09:36:04,2021-06-09 18:00:00
2399264,3901,123162,2021-04-21 11:04:25,2021-08-21 18:00:00
2651620,branchId,720578,2021-02-16 10:31:02,2021-05-16 18:00:00
4710986,4211,686791,2021-04-27 17:00:55,2021-07-27 18:00:00
5023331,7540,190599,2020-03-15 08:53:35,2020-04-15 18:00:00
0060911,5563,859090,2021-04-03 09:40:12,2021-05-03 18:00:00
3795349,6887,047688,2021-02-11 17:12:49,2021-04-11 18:00:00
5434736,0365,353548,2021-01-23 09:28:26,2021-03-23 18:00:00
0958527,9760,296472,2021-04-25 14:42:38,2021-08-25 18:00:00
9599497,1449,618929,2021-03-08 12:23:57,2021-05-08 18:00:00
9621413,3961,232342,2021-03-22 14:33:48,2021-04-22 18:00:00
4662964,3438,250809,2021-01-26 10:13:05,2021-02-26 18:00:00
8438000,5526,540626,2021-05-20 09:00:13,2021-07-20 18:00:00
7550847,6733,545292,2021-03-10 16:05:27,2021-05-10 18:00:00
2340785,8192,770132,2021-03-08 17:08:38,2021-07-08 18:00:00
8347599,2113,161764,2021-05-11 14:44:40,2021-09-11 18:00:00
4393141,1672,043015,2021-01-18 09:23:38,2021-04-18 18:00:00
4072808,0365,292454,2021-05-08 12:37:57,2021-06-08 18:00:00
3274206,3964,248129,2021-01-20 10:30:08,2021-04-20 18:00:00
1509710,4879,588198,2021-02-26 16:13:20,2021-05-26 18:00:00
2920716,1585,610266,2021-01-19 13:40:49,2021-05-19 18:00:00
3883812,2483,126937,2021-04-11 12:20:19,2021-05-11 18:00:00
9095319,4797,807354,2021-04-18 16:41:22,2021-06-18 18:00:00
2661582,4466,888769,2021-05-25 14:08:55,2021-09-25 18:00:00
8992427,5617,240679,2021-05-21 12:52:15,2021-07-21 18:00:00
2856268,2917,347543,2021-01-16 13:28:18,2021-05-16 18:00:00
0016991,4141,330719,2021-02-22 13:54:57,2021-04-22 18:00:00
1853723,branchId,280648,2021-03-17 11:42:17,2021-07-17 18:00:00
0392851,8722,535886,2021-05-07 08:20:06,2021-09-07 18:00:00
1385417,0755,916088,2021-01-14 13:28:20,2021-03-14 18:00:00
6349193,8192,529858,2021-01-04 09:52:58,2021-03-04 18:00:00
6049046,6263,824982,2021-04-19 08:09:03,2021-06-19 18:00:00
4765700,4886,149564,2021-05-17 14:16:14,2021-09-17 18:00:00
3604419,9095,045340,2021-01-20 14:00:13,2021-02-20 18:00:00
3796180,3438,688030,2021-05-05 09:05:26,2021-07-05 18:00:00
4795808,4879,958962,2021-05-24 12:59:03,2021-08-24 18:00:00
4708945,2238,071143,2021-02-20 16:30:19,2021-03-20 18:00:00
6414101,4466,281463,2021-01-05 14:02:33,2021-05-05 18:00:00
2513358,8722,682325,2021-03-22 11:56:48,2021-05-22 18:00:00
2788190,1915,507940,2021-05-04 13:05:13,2021-06-04 18:00:00
0669579,4818,430097,2021-02-12 14:48:29,2021-04-12 18:00:00
9353081,2541,202336,2021-03-26 15:59:06,2021-04-26 18:00:00
6657472,2113,131572,2021-02-05 16:05:08,2021-05-05 18:00:00
6996829,1915,901685,2021-04-20 12:46:53,2021-05-20 18:00:00
9204280,9847,671930,2021-02-19 10:53:52,2021-06-19 18:00:00
8660771,9103,891961,2021-05-22 08:34:23,2021-07-22 18:00:00
9502322,7540,263609,2021-03-11 09:38:03,2021-07-11 18:00:00
5151042,1567,506884,2021-03-27 13:28:20,2021-04-27 18:00:00
9454898,2422,267457,2021-02-07 14:60:58,2021-06-07 18:00:00
1240907,3901,983502,2021-01-17 11:00:35,2021-05-17 18:00:00
6366646,3964,951876,2021-05-28 09:17:15,2021-06-28 18:00:00
0221654,6399,013799,2021-01-25 10:22:02,2021-05-25 18:00:00
0053473,4466,798407,2021-02-28 15:06:37,2021-05-28 18:00:00
8693621,7128,627403,2021-03-23 11:56:06,2021-07-23 18:00:00
3717201,9103,108689,2021-01-28 11:05:46,2021-05-28 18:00:00
4648424,3438,640825,2021-02-11 13:25:28,2021-04-11 18:00:00
8003425,2917,489057,2021-03-01 15:43:43,2021-05-01 18:00:00
1333618,6184,188539,2021-05-15 13:47:50,2021-07-15 18:00:00
3185873,7370,204566,2021-04-26 08:30:35,2021-08-26 18:00:00
3464210,9236,929486,2021-04-17 16:09:07,2021-05-17 18:00:00
8360491,2505,814201,2021-03-08 09:42:30,2021-06-08 18:00:00
5164710,8284,738887,2021-01-01 12:25:23,2021-02-01 18:00:00
5504842,5526,406277,2021-04-12 14:36:26,2021-06-12 18:00:00
2905847,6733,708456,2021-03-26 10:34:00,2021-04-26 18:00:00
3603757,6172,861785,2021-05-08 08:07:02,2021-08-08 18:00:00
9821320,9191,814130,2021-02-08 11:31:57,2021-03-08 18:00:00
6813334,9424,461526,2021-02-12 08:45:47,2021-03-12 18:00:00
5735741,3836,159110,2021-05-06 11:04:46,2021-08-06 18:00:00
8754533,9236,769758,2021-03-01 09:09:30,2021-07-01 18:00:00
1461854,4862,362495,2021-05-02 14:19:02,2021-06-02 18:00:00
4707942,4797,146460,2021-04-02 14:00:40,2021-07-02 18:00:00
3488000,4466,318398,2021-04-28 12:43:06,2021-08-28 18:00:00
9334239,4211,129912,2021-02-08 14:07:03,2021-05-08 18:00:00
6234751,4797,073366,2021-03-04 10:22:24,2021-06-04 18:00:00
9011226,9760,348510,2021-01-18 17:29:39,2021-04-18 18:00:00
3164933,5617,634147,2021-02-05 16:34:25,2021-05-05 18:00:00
4176782,7993,598310,2021-05-14 17:52:44,2021-06-14 18:00:00
0056609,4376,765251,2021-04-04 09:18:45,2021-07-04 18:00:00
0812736,6094,360111,2021-03-04 13:39:08,2021-04-04 18:00:00
5925697,3722,640974,2021-02-20 10:15:00,2021-06-20 18:00:00
2484099,8506,391944,2021-03-18 14:36:16,2021-04-18 18:00:00
1520479,6466,447483,2020-05-05 13:32:36,2020-08-05 18:00:00
4353515,9760,470976,2021-05-05 13:24:41,2021-08-05 18:00:00
7421441,8441,261561,2021-05-10 08:03:54,2021-09-10 18:00:00
0076982,4702,309342,2021-04-25 13:56:53,2021-05-25 18:00:00
9289780,6263,339421,2021-05-28 13:03:02,2021-06-28 18:00:00
1083778,3901,412596,2021-02-14 13:43:36,2021-03-14 18:00:00
5287393,7194,632845,2021-05-03 09:25:03,2021-07-03 18:00:00
7299489,6466,974185,2021-05-15 17:18:49,2021-06-15 18:00:00
0640810,4572,309425,2021-05-17 15:13:08,2021-07-17 18:00:00
4397965,5617,334208,2021-04-21 12:52:01,2021-05-21 18:00:00
7471795,9191,836085,2021-04-26 10:50:45,2021-08-26 18:00:00
1918669,9019,710061,2021-03-17 16:09:15,2021-05-17 18:00:00
8481401,0755,797108,2021-05-14 10:54:25,2021-07-14 18:00:00
3574143,9424,527260,2021-03-18 11:44:54,2021-07-18 18:00:00
7204308,4211,599836,2021-01-08 14:21:38,2021-04-08 18:00:00
5426123,8925,258726,2021-02-02 17:02:26,2021-04-02 18:00:00
2113680,6466,979050,2021-05-18 14:47:18,2021-08-18 18:00:00
9715409,9095,615024,2021-01-09 14:39:43,2021-04-09 18:00:00
5938208,6184,536682,2021-03-14 17:06:34,2021-04-14 18:00:00
8208421,1387,796491,2021-03-02 09:58:25,2021-07-02 18:00:00
5804149,0019,250478,2021-04-26 09:20:06,2021-06-26 18:00:00
8801137,2541,559419,2021-04-25 15:28:17,2021-07-25 18:00:00
1524896,9236,174342,2021-01-23 17:50:19,2021-02-23 18:00:00
9786678,5563,127311,2021-03-16 17:39:39,2021-07-16 18:00:00
3994051,4702,546702,2021-03-10 10:35:52,2021-04-10 18:00:00
3275654,4791,662663,2021-01-28 16:39:38,2021-04-28 18:00:00
9232191,7128,498256,2021-03-19 16:32:49,2021-04-19 18:00:00
5500362,9847,873613,2021-05-08 13:35:44,2021-09-08 18:00:00
5547594,7993,556799,2021-05-10 12:41:35,2021-07-10 18:00:00
9832734,7849,991155,2021-02-03 13:23:32,2021-04-03 18:00:00
3930943,2505,823126,2021-01-11 12:13:53,2021-05-11 18:00:00
5569449,9191,978021,2021-05-24 17:53:11,2021-08-24 18:00:00
2655704,7416,529022,2021-05-26 16:32:13,2021-08-26 18:00:00
8938305,9284,899429,2021-04-10 10:32:46,2021-05-10 18:00:00
3612303,7931,865775,2021-05-18 17:24:60,2021-09-18 18:00:00
6912772,8925,204028,2021-05-07 16:13:42,2021-08-07 18:00:00
2633299,1976,571055,2021-04-22 15:32:14,2021-05-22 18:00:00
3206661,7540,927360,2021-03-04 09:37:14,2021-04-04 18:00:00
8782581,1976,436184,2021-04-24 11:52:58,2021-06-24 18:00:00
0412603,1585,732064,2021-02-15 10:14:06,2021-03-15 18:00:00
5607537,0365,319234,2021-04-07 15:10:31,2021-07-07 18:00:00
8926818,3166,762319,2021-05-11 12:37:37,2021-07-11 18:00:00
4081893,0019,727008,2021-01-16 09:23:60,2021-05-16 18:00:00
6011599,3836,050997,2021-01-03 11:55:48,2021-03-03 18:00:00
7327879,9424,634499,2021-05-05 10:09:48,2021-09-05 18:00:00
4088580,4572,573185,2021-02-12 08:51:46,2021-03-12 18:00:00
8480125,6466,906127,2021-03-20 10:55:41,2021-06-20 18:00:00
9112397,9284,046075,2021-03-02 17:21:56,2021-07-02 18:00:00
9247311,3901,519222,2021-01-17 09:00:07,2021-05-17 18:00:00
8025372,9424,917163,2021-02-04 17:28:45,2021-06-04 18:00:00
5891038,9284,974402,2021-02-11 15:35:56,2021-05-11 18:00:00
0737411,6172,004510,2021-04-16 10:02:02,2021-05-16 18:00:00
1013813,6887,809071,2021-03-14 12:41:02,2021-05-14 18:00:00
0918965,3836,176146,2021-01-26 09:49:39,2021-03-26 18:00:00
4628980,7194,822912,2021-01-02 13:29:27,2021-02-02 18:00:00
5528801,6837,461503,2021-02-27 13:19:43,2021-05-27 18:00:00
3074068,9206,827218,2021-02-06 12:13:51,2021-05-06 18:00:00
5007751,1915,088148,2021-02-16 10:59:01,2021-06-16 18:00:00
5987558,6263,897445,2021-04-24 09:00:60,2021-05-24 18:00:00
2142794,6094,536275,2021-02-14 10:02:42,2021-03-14 18:00:00
1992156,4886,069807,2021-03-21 09:18:15,2021-07-21 18:00:00
5833113,7931,225832,2021-03-12 16:14:09,2021-07-12 18:00:00
7586450,3964,323620,2021-03-16 13:34:30,2021-05-16 18:00:00
8957659,5093,528272,2021-01-23 11:17:06,2021-02-23 18:00:00
1357626,4805,691462,2021-03-08 16:01:28,2021-04-08 18:00:00
8693863,8722,423840,2021-04-06 11:52:53,2021-07-06 18:00:00
5529848,4879,149401,2021-04-14 17:04:07,2021-08-14 18:00:00
8534782,1672,315610,2021-04-14 09:38:46,2021-06-14 18:00:00
6457109,3358,278576,2021-05-23 12:54:17,2021-07-23 18:00:00
6421199,2422,235347,2021-01-07 12:10:37,2021-02-07 18:00:00
2180020,1585,829920,2021-04-12 09:60:19,2021-05-12 18:00:00
1597793,3166,969500,2021-01-14 13:04:23,2021-02-14 18:00:00
1832087,0019,007474,2021-05-04 09:29:43,2021-06-04 18:00:00
5026004,4862,528401,2021-02-25 10:55:39,2021-05-25 18:00:00
1532399,3358,705933,2021-05-02 14:32:17,2021-06-02 18:00:00
5786120,2422,068195,2021-05-08 17:29:03,2021-08-08 18:00:00
9678079,4141,898515,2021-03-17 17:54:16,2021-05-17 18:00:00
7518597,7849,825867,2021-02-05 13:30:27,2021-03-05 18:00:00
6309889,4572,541311,2021-05-01 14:32:45,2021-06-01 18:00:00
5282320,4797,850635,2021-04-25 15:43:32,2021-05-25 18:00:00
5995983,7993,001124,2021-02-21 08:13:43,2021-03-21 18:00:00
0875984,5563,585402,2021-03-14 12:24:59,2021-06-14 18:00:00
0107265,2850,606028,2021-04-15 15:55:50,2021-06-15 18:00:00
7202659,5617,469791,2021-02-10 09:28:16,2021-03-10 18:00:00
2346675,6466,866090,2021-01-27 12:18:23,2021-04-27 18:00:00
1234924,branchId,187616,2021-02-24 12:44:14,2021-04-24 18:00:00
1617602,8722,499306,2021-01-21 12:50:24,2021-03-21 18:00:00
9246972,1672,987831,2021-01-28 08:06:29,2021-03-28 18:00:00
1529686,3836,134834,2021-03-20 15:40:23,2021-07-20 18:00:00
8472778,9095,719414,2021-04-09 09:24:34,2021-06-09 18:00:00
3439602,6263,946679,2021-05-24 11:34:16,2021-06-24 18:00:00
2623133,6887,234250,2021-04-12 13:33:09,2021-05-12 18:00:00
6430360,9055,942405,2021-04-02 12:02:53,2021-08-02 18:00:00
5402652,3590,954957,2021-03-27 09:22:11,2021-06-27 18:00:00
7709277,3438,643935,2021-02-12 17:44:46,2021-03-12 18:00:00
4812489,4805,654349,2021-02-17 08:12:11,2021-03-17 18:00:00
2795561,7540,323699,2021-04-14 17:32:33,2021-05-14 18:00:00
4182060,4702,200985,2021-02-22 11:11:04,2021-05-22 18:00:00
3687869,2700,670050,2021-01-23 10:40:20,2021-02-23 18:00:00
1941570,8925,987820,2021-01-13 16:11:34,2021-03-13 18:00:00
3199849,8506,627158,2021-02-05 16:07:48,2021-05-05 18:00:00
5827284,3901,117143,2021-01-26 17:48:47,2021-03-26 18:00:00
0123963,8925,862144,2021-02-04 11:18:09,2021-03-04 18:00:00
4430704,5852,141655,2021-02-11 08:26:12,2021-03-11 18:00:00
7877278,4376,507414,2021-04-22 15:46:28,2021-07-22 18:00:00
3609811,4818,098538,2021-03-15 09:39:44,2021-06-15 18:00:00
0569778,2422,428966,2021-02-01 11:59:15,2021-04-01 18:00:00
2609267,5526,271965,2021-02-02 16:46:24,2021-05-02 18:00:00
1992774,2850,930095,2021-01-18 14:30:43,2021-02-18 18:00:00
1657352,6399,551730,2021-03-04 13:59:29,2021-07-04 18:00:00
6651565,3722,301203,2021-03-05 08:39:24,2021-05-05 18:00:00
3189994,4777,224382,2021-04-28 08:15:56,2021-05-28 18:00:00
6886430,2700,517160,2021-05-10 15:13:22,2021-07-10 18:00:00
0572914,3722,269277,2021-05-22 08:29:59,2021-08-22 18:00:00
7707919,4376,275999,2021-01-15 13:00:25,2021-04-15 18:00:00
3938373,3722,716473,2021-04-01 17:22:25,2021-06-01 18:00:00
1239651,5093,827984,2021-02-20 10:10:28,2021-05-20 18:00:00
3025763,3961,534361,2021-05-22 12:47:52,2021-08-22 18:00:00
1706333,7194,690457,2021-04-01 12:55:42,2021-05-01 18:00:00
0306658,2417,064873,2021-03-14 12:07:35,2021-07-14 18:00:00
6543557,0013,264798,2021-02-06 15:44:52,2021-05-06 18:00:00
6320073,8506,557189,2021-02-27 09:52:20,2021-04-27 18:00:00
2112202,2483,757902,2021-02-20 08:04:05,2021-06-20 18:00:00
0646890,9760,476071,2021-02-08 11:58:20,2021-05-08 18:00:00
4138517,8506,167322,2021-03-27 14:22:58,2021-07-27 18:00:00
2558827,2483,050884,2021-02-21 11:39:21,2021-03-21 18:00:00
0472140,7416,157429,2021-05-06 08:42:18,2021-08-06 18:00:00
7116016,3701,944135,2021-05-02 13:08:43,2021-07-02 18:00:00
1367836,4818,724621,2021-05-21 10:12:35,2021-08-21 18:00:00
1752737,8192,179091,2021-05-02 09:24:13,2021-09-02 18:00:00
5837864,2850,011232,2021-03-15 16:19:52,2021-06-15 18:00:00
2981311,1672,524382,2021-03-13 13:46:05,2021-07-13 18:00:00
5656619,4376,086932,2021-03-17 12:29:05,2021-06-17 18:00:00
1673059,4572,242816,2021-01-13 10:47:44,2021-04-13 18:00:00
8395615,9055,489387,2021-02-23 17:25:53,2021-04-23 18:00:00
7435356,3901,003050,2021-02-06 17:19:45,2021-03-06 18:00:00
1460294,4879,062605,2021-04-07 08:11:17,2021-08-07 18:00:00
9677295,4702,737633,2021-02-11 15:52:20,2021-04-11 18:00:00
9822033,9206,931154,2021-05-12 13:36:41,2021-06-12 18:00:00
9609687,3961,080728,2021-05-22 17:28:46,2021-09-22 18:00:00
0485689,2850,016910,2021-02-06 16:27:45,2021-05-06 18:00:00
0496381,8925,678790,2021-01-28 17:15:56,2021-04-28 18:00:00
9623093,4818,575503,2021-02-15 16:12:43,2021-03-15 18:00:00
0106902,7649,304471,2021-01-13 14:60:50,2021-02-13 18:00:00
6397651,7194,752895,2021-05-02 08:53:16,2021-09-02 18:00:00
2768512,7416,757545,2021-03-16 12:06:60,2021-04-16 18:00:00
2764906,7194,706980,2021-04-25 09:58:59,2021-07-25 18:00:00
4074471,4211,680124,2021-04-12 16:27:48,2021-08-12 18:00:00
4666427,4797,310528,2021-03-14 12:24:23,2021-04-14 18:00:00
3312307,3701,968948,2021-03-21 15:35:31,2021-07-21 18:00:00
0485810,3964,571142,2021-02-08 16:42:00,2021-05-08 18:00:00
3232047,8955,644038,2021-03-07 16:06:00,2021-04-07 18:00:00
1774277,4211,892517,2021-04-25 13:25:54,2021-07-25 18:00:00
6768214,7370,300370,2021-03-26 15:46:30,2021-07-26 18:00:00
1559673,8284,271975,2021-03-04 10:02:06,2021-05-04 18:00:00
8731277,9019,875522,2021-01-13 08:11:27,2021-03-13 18:00:00
2140593,4862,361640,2021-04-24 14:59:20,2021-08-24 18:00:00
1052191,3961,180867,2021-04-17 08:44:26,2021-06-17 18:00:00
7753672,0365,499761,2021-01-15 17:39:00,2021-03-15 18:00:00
5336951,9760,106355,2021-05-11 08:15:33,2021-09-11 18:00:00
6802833,1672,505028,2021-02-19 08:13:34,2021-05-19 18:00:00
9606765,branchId,001721,2021-03-20 16:03:19,2021-04-20 18:00:00
7711276,4211,681486,2021-05-05 13:35:07,2021-07-05 18:00:00
1353829,3701,345929,2021-01-16 17:32:32,2021-05-16 18:00:00
9673749,4141,150464,2021-02-17 15:44:14,2021-03-17 18:00:00
9145678,1672,616211,2021-03-25 08:35:33,2021-06-25 18:00:00
1012317,9236,376192,2021-05-16 15:14:47,2021-06-16 18:00:00
0138821,0013,697531,2021-01-02 12:38:57,2021-04-02 18:00:00
9620344,9191,966565,2021-05-11 10:22:25,2021-09-11 18:00:00
6200935,7370,575566,2021-04-22 15:34:46,2021-08-22 18:00:00
2424469,2541,947360,2021-02-18 15:54:39,2021-05-18 18:00:00
5159384,1672,985448,2021-03-22 13:40:59,2021-04-22 18:00:00
3725208,9760,575675,2021-04-04 08:05:57,2021-05-04 18:00:00
9259166,7931,112881,2021-05-20 15:15:60,2021-07-20 18:00:00
7841156,6094,962744,2021-05-13 10:33:51,2021-08-13 18:00:00
0449428,9760,025145,2021-02-20 12:25:44,2021-06-20 18:00:00
0934709,0365,505473,2021-03-01 10:32:31,2021-06-01 18:00:00
1516480,6837,606088,2021-05-13 11:46:22,2021-07-13 18:00:00
0867226,5421,443251,2021-02-17 16:04:11,2021-06-17 18:00:00
9237595,1387,316569,2021-01-23 17:37:45,2021-02-23 18:00:00
8020344,6094,050212,2021-05-27 11:26:59,2021-08-27 18:00:00
4874624,4886,740905,2021-02-19 15:01:40,2021-04-19 18:00:00
4502291,8441,317936,2021-02-02 15:24:47,2021-06-02 18:00:00
2442090,4141,271627,2021-04-28 15:07:25,2021-07-28 18:00:00
3684077,3590,631069,2021-01-18 12:59:26,2021-03-18 18:00:00
3773710,1387,839233,2021-05-26 17:55:13,2021-07-26 18:00:00
6619605,3836,552353,2021-04-15 11:09:25,2021-05-15 18:00:00
6695036,0013,884376,2021-04-01 17:57:08,2021-06-01 18:00:00
8235598,0013,199582,2020-03-22 16:37:20,2020-06-22 18:00:00
4599328,2483,954389,2021-01-01 15:28:05,2021-04-01 18:00:00
2535779,3358,662719,2021-02-09 11:45:50,2021-03-09 18:00:00
4021959,1915,209670,2021-02-11 10:07:59,2021-05-11 18:00:00
7189519,9206,736135,2021-02-03 14:20:33,2021-04-03 18:00:00
6019121,4376,714374,2021-03-23 08:23:59,2021-07-23 18:00:00
0923279,1449,738529,2021-05-01 13:35:08,2021-07-01 18:00:00
2203591,3187,933734,2021-05-05 13:50:25,2021-08-05 18:00:00
1068105,9291,973950,2021-04-02 12:24:15,2021-05-02 18:00:00
7727850,4466,958421,2021-05-06 10:11:40,2021-09-06 18:00:00
2160386,7849,160959,2021-04-11 14:23:01,2021-05-11 18:00:00
3393107,2483,377358,2021-01-01 17:06:46,2021-02-01 18:00:00
2924336,3358,736123,2021-04-27 16:31:08,2021-07-27 18:00:00
8890244,9055,980785,2021-02-17 14:37:11,2021-05-17 18:00:00
6040289,2113,672846,2021-05-16 12:44:54,2021-08-16 18:00:00
0909797,9236,104146,2021-02-22 13:38:28,2021-06-22 18:00:00
9572052,4777,502637,2021-04-08 16:36:00,2021-06-08 18:00:00
0723383,5526,905641,2021-04-10 16:23:60,2021-07-10 18:00:00
9463996,4466,318068,2021-05-09 11:15:03,2021-07-09 18:00:00
1731685,4702,306460,2021-01-26 15:27:44,2021-04-26 18:00:00
6534107,branchId,457252,2021-04-12 08:51:28,2021-05-12 18:00:00
5955300,9796,736866,2021-02-04 10:07:13,2021-06-04 18:00:00
0876218,3701,393673,2021-05-18 11:08:31,2021-06-18 18:00:00
5469716,6466,704163,2021-01-17 13:50:51,2021-04-17 18:00:00
0991690,8284,737163,2021-01-08 16:38:15,2021-05-08 18:00:00
5683380,3187,098083,2021-05-09 12:53:39,2021-08-09 18:00:00
3942165,2417,092461,2021-02-21 14:58:21,2021-04-21 18:00:00
7672028,3701,871050,2021-02-21 12:33:34,2021-06-21 18:00:00
5023703,4466,943632,2021-02-21 09:12:13,2021-06-21 18:00:00
8557151,3964,121001,2021-04-05 10:31:01,2021-06-05 18:00:00
4938667,1567,715536,2021-04-26 09:08:05,2021-05-26 18:00:00
7028248,8925,246058,2021-04-15 15:39:19,2021-08-15 18:00:00
5108076,6466,585771,2021-03-19 11:08:12,2021-04-19 18:00:00
8382289,1449,704844,2021-03-08 15:28:48,2021-05-08 18:00:00
4619499,7370,607623,2021-05-17 12:19:54,2021-06-17 18:00:00
2163102,1567,375157,2021-04-16 11:44:46,2021-07-16 18:00:00
3849882,3961,708932,2021-04-06 17:48:05,2021-07-06 18:00:00
0670505,1915,768096,2021-02-05 11:19:19,2021-06-05 18:00:00
9719596,1976,502742,2021-04-09 08:25:03,2021-06-09 18:00:00
2383061,7194,105745,2021-03-24 11:06:56,2021-06-24 18:00:00
9559021,9796,395062,2021-03-02 12:35:33,2021-07-02 18:00:00
6216005,9284,875180,2021-04-09 08:51:31,2021-05-09 18:00:00
3736419,8441,464388,2021-05-12 08:51:41,2021-09-12 18:00:00
2635168,6887,390048,2021-04-14 14:16:54,2021-06-14 18:00:00
1327374,9055,083844,2021-04-12 13:54:17,2021-07-12 18:00:00
3189103,6733,265861,2021-01-10 12:58:04,2021-05-10 18:00:00
6823302,5526,155965,2021-01-19 10:10:33,2021-03-19 18:00:00
6675904,9424,624862,2021-01-28 09:02:06,2021-03-28 18:00:00
3569916,6466,343214,2021-04-21 10:05:23,2021-08-21 18:00:00
5267926,8441,091490,2021-05-14 15:14:26,2021-06-14 18:00:00
4978196,2238,050510,2021-03-12 08:25:53,2021-04-12 18:00:00
8465967,1449,956819,2021-04-04 14:30:47,2021-07-04 18:00:00
5545979,7194,709963,2021-02-27 08:43:19,2021-03-27 18:00:00
0449555,8955,599175,2021-04-18 08:18:25,2021-06-18 18:00:00
1978759,2700,709563,2021-01-01 08:58:03,2021-03-01 18:00:00
5887164,9095,462262,2021-02-15 09:23:15,2021-03-15 18:00:00
7466360,9236,244695,2021-05-26 15:60:02,2021-09-26 18:00:00
5304709,5563,114599,2021-02-16 10:36:25,2021-04-16 18:00:00
9637538,3358,188221,2021-04-03 17:53:08,2021-08-03 18:00:00
8139760,4818,130415,2021-02-03 12:12:01,2021-06-03 18:00:00
3566865,2238,374273,2021-04-07 10:01:23,2021-06-07 18:00:00
3822241,6094,583185,2021-05-23 15:39:13,2021-08-23 18:00:00
5424054,8722,467442,2021-02-24 08:47:00,2021-05-24 18:00:00
1426663,0019,265790,2021-02-23 13:45:05,2021-04-23 18:00:00
5657728,7416,205268,2021-05-23 14:52:45,2021-08-23 18:00:00
